Date,log_return,rolling_volatility_20,daily_range,volume_change,current_close,next_log_return,state_viterbi_past_only,state_posterior_argmax,posterior_confidence,posterior_entropy,p_state_0,p_state_1,p_state_2
2023-05-10,0.009657310568632664,0.012694568983616634,0.0057664435994549765,0.1765619200831141,90.97248840332033,0.010516095800292318,1,1,0.9990854250185157,0.006657020496021436,4.684654007236728e-13,0.9990854250185157,0.0009145749810712428
2023-05-11,0.010516095800292318,0.012851826772713425,0.007608135147448296,-0.17840383431568238,91.93421173095705,-0.008404178343925681,1,1,0.9996942157479034,0.0025307713879666647,2.727347650273606e-13,0.9996942157479034,0.00030578425181423876
2023-05-12,-0.008404178343925681,0.012824444225329962,0.00959048654641437,-0.2990201656123597,91.1648178100586,-0.010411565209831296,1,1,0.9998670771965006,0.0012009228891375755,1.104344377766064e-12,0.9998670771965006,0.0001329228024211043
2023-05-15,-0.010411565209831296,0.012754221734332313,0.00339178666382741,0.3468518789947326,90.22057342529295,-0.0030088200870285052,1,1,0.995993538614903,0.02376951214291174,5.822617698721272e-14,0.995993538614903,0.004006461385007643
2023-05-16,-0.0030088200870285052,0.01273736922690635,0.007678858248619342,0.3759494874276155,89.94952392578125,-0.0029203241704949105,1,1,0.9994248870354462,0.004429072300147907,1.6835261471226674e-12,0.9994248870354462,0.000575112962880752
2023-05-17,-0.0029203241704949105,0.012748540722917756,0.007896326511305085,-0.31531227234228276,89.68722534179688,-0.007436550317862338,1,1,0.9998725043537817,0.0011567280308209655,2.09200480989464e-12,0.9998725043537817,0.00012749564414222143
2023-05-18,-0.007436550317862338,0.012646308938825322,0.0050088601233457646,0.17948729792714688,89.02273559570312,-0.00709627581404726,1,1,0.999263536177946,0.005505841525075034,6.949004652193056e-13,0.999263536177946,0.0007364638214104307
2023-05-19,-0.00709627581404726,0.01267619603146581,0.009198816213769149,0.12849259982952857,88.39324188232422,-0.003567068295865998,1,1,0.9998121958528001,0.001637672359148573,2.955526526223042e-12,0.9998121958528001,0.00018780414419043327
2023-05-22,-0.003567068295865998,0.012408186621942041,0.010323614627565513,-0.36633943409402586,88.07849884033203,0.002874433884844618,1,1,0.9999123883234828,0.0008247939953594793,2.875463680453464e-11,0.9999123883234828,8.76116477222749e-05
2023-05-23,0.002874433884844618,0.011839803410757042,0.009601120780196409,0.07732488579723613,88.33203887939453,-0.00496121617396664,1,1,0.9999029486272939,0.0009046319635274322,9.781172847006836e-10,0.9999029486272939,9.705039453207005e-05
2023-05-24,-0.00496121617396664,0.01170457949778725,0.008256260232101166,-0.16325890919900993,87.89488983154297,-0.0024901298978836457,1,1,0.9999270247032507,0.0006991671513619364,1.9857714925949103e-09,0.9999270247032507,7.297331092450809e-05
2023-05-25,-0.0024901298978836457,0.011569905608732787,0.007678542898226412,0.1968633984337528,87.6762924194336,0.008044975756502004,1,1,0.9998687028632149,0.0011877488911974413,4.130871918911395e-09,0.9998687028632149,0.00013129300593497172
2023-05-26,0.008044975756502004,0.01104070446851387,0.011573827394697285,-0.27820114750819724,88.38449096679688,0.009941500482179339,1,1,0.9999114351654869,0.0008332169959295506,4.081300728728139e-08,0.9999114351654869,8.852402154723703e-05
2023-05-30,0.009941500482179339,0.009389257988005655,0.009696355323848983,0.3059288215184862,89.26754760742188,0.008679222135853907,1,1,0.9997165930010138,0.0025404344129276823,0.00011824003189115995,0.9997165930010138,0.00016516696710732948
2023-05-31,0.008679222135853907,0.007663195656890784,0.012719658081035607,0.028216280948633418,90.04569244384766,0.003915571043574962,1,1,0.9925873715011991,0.04134418122278527,0.006968613365927449,0.9925873715011991,0.00044401513281922315
2023-06-01,0.003915571043574962,0.007593940910745461,0.009697439617583266,-0.12269481386273287,90.39896392822266,-0.011018408203518387,1,1,0.9325562247245234,0.225841299011469,0.06728225615206072,0.9325562247245234,0.0001615191233591171
2023-06-02,-0.011018408203518387,0.007662155069520023,0.011079490901915179,-0.09484689290622586,89.40837860107422,-0.0018647054062733196,1,1,0.91670742691733,0.2627249110800174,0.08300899162414406,0.91670742691733,0.00028358145850459164
2023-06-05,-0.0018647054062733196,0.007650071385686036,0.012082547348335672,-0.2820663977670365,89.24181365966797,0.005876636707777374,1,1,0.8691275359598866,0.3549724370618957,0.13060312164459506,0.8691275359598866,0.00026934239555486577
2023-06-06,0.005876636707777374,0.007188327308584961,0.010546892724232483,-0.007029331610765033,89.7677993774414,-0.01495517360782576,1,1,0.5147756884048782,0.6320182598609152,0.48504042082989485,0.5147756884048782,0.0001838907651921564
2023-06-07,-0.01495517360782576,0.007873550328271438,0.016356082184796075,0.566367942317294,88.43529510498047,0.01162916151118995,1,1,0.9761333131145796,0.1129665604206328,0.019485791540867534,0.9761333131145796,0.0043808953445745764
2023-06-08,0.01162916151118995,0.008024028837035456,0.013129496080198637,-0.05729097363620101,89.4697265625,-0.0013725653896114554,1,1,0.995728872831863,0.02668318279639689,0.0036620404433616617,0.995728872831863,0.0006090867247781718
2023-06-09,-0.0013725653896114554,0.007566343974197804,0.009124806925861475,-0.07385863738114802,89.34700775146484,0.0029392608741100738,1,1,0.9182597992278612,0.25855826800115606,0.08159633716986804,0.9182597992278612,0.00014386360228706578
2023-06-12,0.0029392608741100738,0.0074399257665180105,0.011543732059130141,-0.15273917056793357,89.6100082397461,-0.009929888952312551,1,1,0.782115895994376,0.4788545229854601,0.21764644174198022,0.782115895994376,0.00023766226368462744
2023-06-13,-0.009929888952312551,0.007408090876069508,0.013437413522911449,0.3096789326633486,88.72459411621094,0.007971285062068525,1,1,0.807231255698501,0.450627682000143,0.19202922071418546,0.807231255698501,0.0007395235873301074
2023-06-14,0.007971285062068525,0.007641768138269581,0.00813567789027267,0.11587897139027986,89.4346694946289,0.009560139521400788,1,1,0.5335937591059675,0.6300513093383983,0.46626399847292005,0.5335937591059675,0.0001422424211292483
2023-06-15,0.009560139521400788,0.007919927465543923,0.009999988148513212,-0.12280348804849742,90.29377746582033,-0.003891130929267122,1,1,0.5787096485379467,0.621020957267434,0.4211129584075851,0.5787096485379467,0.00017739305448293756
2023-06-16,-0.003891130929267122,0.0077751297303641125,0.007797300815356093,-0.42879395922068464,89.943115234375,0.006896415531086333,0,0,0.7569119599581462,0.505207588732323,0.7569119599581462,0.24304511345846755,4.2926583364912016e-05
2023-06-20,0.006896415531086333,0.00768327470523347,0.005323812455284111,0.02380868312224731,90.56554412841795,0.002417003491346606,0,0,0.9104944661628231,0.27479822057211084,0.9104944661628231,0.08944471939138092,6.081444579768776e-05
2023-06-21,0.002417003491346606,0.007603394841651363,0.012649722082574272,0.13888834270523032,90.78470611572266,-0.012143778518936154,0,0,0.9368005762761888,0.21558728093418472,0.9368005762761888,0.06303121588610029,0.00016820783774521478
2023-06-22,-0.012143778518936154,0.008181497086189433,0.01026295647359832,0.18090829396464214,89.68890380859375,0.00992051214730948,0,0,0.8281596090232495,0.4201758171169655,0.8281596090232495,0.17144150940767974,0.0003988815690635333
2023-06-23,0.00992051214730948,0.008309299271123805,0.009387337405592567,-0.031326837569453474,90.58309173583984,0.001063874127153114,0,0,0.6151238518195759,0.6084833066269266,0.6151238518195759,0.38462592240976967,0.00025022577064683305
2023-06-26,0.001063874127153114,0.008257173624395915,0.006187155593030385,-0.5743879921912738,90.67951202392578,-0.00261381078535862,0,0,0.6702605458001608,0.5775883932477539,0.6702605458001608,0.3296823442215868,5.7109978281592234e-05
2023-06-27,-0.00261381078535862,0.008168508169962186,0.011534310682675896,0.3393949214633996,90.44280242919922,0.004255886689725156,0,0,0.6293964917566188,0.6015218928174458,0.6293964917566188,0.37042220968312634,0.00018129856021552332
2023-06-28,0.004255886689725156,0.007942284367195206,0.00974804073821272,0.27458419175549986,90.82853698730467,-0.01821329239184383,0,0,0.7834837166931157,0.4763178484767474,0.7834837166931157,0.21642181023927445,9.447306757510509e-05
2023-06-29,-0.01821329239184383,0.008782075141182094,0.008747782664986272,0.5449927234734352,89.18922424316406,0.011725725263519808,1,1,0.9470410511193473,0.1967132979254892,0.05081527384356929,0.9470410511193473,0.0021436750370905596
2023-06-30,0.011725725263519808,0.009153507274499224,0.011560081443451173,-0.24928999583437314,90.2411880493164,-0.005685175750045498,1,1,0.9993379155701569,0.0053701444578393605,0.0004780482879890181,0.9993379155701569,0.00018403614183954477
2023-07-03,-0.005685175750045498,0.008892257383341212,0.011755530526172606,-0.6931877747971306,89.72960662841797,-0.009548085065656114,1,1,0.9991671053573252,0.006556360596402201,0.0006280428294202957,0.9991671053573252,0.00020485181321663548
2023-07-05,-0.009548085065656114,0.009147519719560978,0.012461696455587647,0.5649422810385447,88.87693786621094,-0.014243813923638333,1,1,0.9995237570366426,0.004047932925540459,0.0002153188194188679,0.9995237570366426,0.0002609241438991623
2023-07-06,-0.014243813923638333,0.009541410088973211,0.009129173654984217,0.3844255205242776,87.61996459960938,-0.0060372441408666514,1,1,0.9997541636180162,0.002167229929155466,3.042597158712175e-05,0.9997541636180162,0.00021541041040017432
2023-07-07,-0.0060372441408666514,0.00906161133917946,0.006156647144513718,-0.35551861893539594,87.09257507324219,0.0013113148620630334,1,1,0.999185856522061,0.0062223315097400325,0.0007474260446513623,0.999185856522061,6.671743332844927e-05
2023-07-10,0.0013113148620630334,0.008600846471891844,0.006854150906672148,-0.1617817897389023,87.20685577392578,0.005127345532254238,1,1,0.9951339604620746,0.028354475051115303,0.004792225094260377,0.9951339604620746,7.381444368399155e-05
2023-07-11,0.005127345532254238,0.008719189352024209,0.006819096438544814,-0.185676024504365,87.65514373779297,0.011069457972618867,1,1,0.9966182897658421,0.020922975650728752,0.0033038889721869443,0.9966182897658421,7.782126202327622e-05
2023-07-12,0.011069457972618867,0.009091906481456998,0.013388932649010924,0.4437660489419809,88.63082885742188,0.010457890034610059,1,1,0.999463800736408,0.004455510083706524,0.00015310353169755401,0.999463800736408,0.00038309573184944754
2023-07-13,0.010457890034610059,0.009127675619361144,0.009225659505713472,0.01595509964263094,89.56258392333984,-0.005905994086286193,1,1,0.9996288143869813,0.003216546474151921,0.00025498884363445065,0.9996288143869813,0.00011619676935091125
2023-07-14,-0.005905994086286193,0.009054602147866027,0.006910895165461598,-0.557944943770605,89.03518676757812,0.000493450652098184,1,1,0.9989931140139682,0.007460569974817948,0.0009416942350593254,0.9989931140139682,6.519175100725811e-05
2023-07-17,0.000493450652098184,0.008761184206203173,0.005624627150406455,0.013532874818137551,89.07913208007812,0.004528954430664643,1,1,0.9975072534478541,0.016260789783763486,0.0023887340255087865,0.9975072534478541,0.00010401252667401608
2023-07-18,0.004528954430664643,0.008800831185524013,0.004911591208359658,-0.20017848494900828,89.48348236083984,0.011233326831449668,1,1,0.9982376942468623,0.012108882447490381,0.0016682250307119434,0.9982376942468623,9.408072239556827e-05
2023-07-19,0.011233326831449668,0.00903661139214644,0.01214181677565696,0.5680932864982804,90.49434661865234,-0.01221609427545564,1,1,0.9992674110937555,0.005934219453590008,0.00030833086373232237,0.9992674110937555,0.00042425804254941625
2023-07-20,-0.01221609427545564,0.009411863778004534,0.010127815242915717,0.7392535608003433,89.39558410644531,0.00029516202019261306,1,1,0.9994478123123476,0.004486769215362888,8.367637216762891e-05,0.9994478123123476,0.00046851131545664053
2023-07-21,0.00029516202019261306,0.009023770085615198,0.0070775700082985026,-1.0141163111930092,89.4219741821289,-0.00364395127354386,1,1,0.9984295921425334,0.011022748851636165,0.0014593076325259881,0.9984295921425334,0.00011110022494724428
2023-07-24,-0.00364395127354386,0.00873215218389526,0.008385935960958355,-0.16321255155000602,89.09671783447266,-0.0018763817267564596,1,1,0.9967747576926449,0.0200766713624165,0.003156110290706291,0.9967747576926449,6.913201668971443e-05
2023-07-25,-0.0018763817267564596,0.008723384192525803,0.006919017108938424,-0.0222498395596776,88.92969512939453,0.0009880848821270571,1,1,0.9960483517209369,0.023855600409192292,0.003870066084646332,0.9960483517209369,8.158219444588285e-05
2023-07-26,0.0009880848821270571,0.008724934740180644,0.00750471177469412,0.11804328794719862,89.01760864257812,-0.019644867645646536,1,1,0.9957156832846006,0.025577838297332664,0.004187270451670435,0.9957156832846006,9.704626375383092e-05
2023-07-27,-0.019644867645646536,0.009590698850771002,0.020342362346288452,0.8414237851770712,87.28593444824219,0.005122712174943771,1,1,0.9888173468654468,0.05585993060994923,3.467292985257608e-08,0.9888173468654468,0.011182618461576942
2023-07-28,0.005122712174943771,0.008908241861247675,0.00711350668109023,-0.49030001155157305,87.73422241210938,0.002402000055720957,1,1,0.9985689711823483,0.01017897266150465,0.0013240155301801973,0.9985689711823483,0.00010701328749445726
2023-07-31,0.002402000055720957,0.008449145807882055,0.007096442406956565,0.04385188252884941,87.9452133178711,-0.016522532451779894,1,1,0.9919264776250677,0.04323069779645171,0.007971967309512927,0.9919264776250677,0.00010155506544503475
2023-08-01,-0.016522532451779894,0.009070611122588787,0.010393281530568331,0.19809460706029308,86.50407409667969,-0.010756729181406643,1,1,0.9996294356692319,0.00323021135614922,0.00015137889620526104,0.9996294356692319,0.00021918543459957827
2023-08-02,-0.010756729181406643,0.009128576393735807,0.00854870978439028,0.08704357139231376,85.57855987548828,-0.023341910371435397,1,1,0.9995756353042777,0.0036032489148857165,0.00031781087168321684,0.9995756353042777,0.00010655382405315772
2023-08-03,-0.023341910371435397,0.009964938298882762,0.008223498069003028,0.4434334994113536,83.6041259765625,0.017557425064140156,1,1,0.9991183490084838,0.006448997417874595,2.638111877940945e-07,0.9991183490084838,0.000881387180323779
2023-08-04,0.017557425064140156,0.010861268975811751,0.016057216112699894,-0.3448289979287478,85.0849609375,-0.009890344789822508,1,1,0.9987147961478389,0.008956561912556602,1.1813950904327618e-09,0.9987147961478389,0.0012852026707665947
2023-08-07,-0.009890344789822508,0.011014530734134283,0.007323675819545416,-0.15967434756290133,84.24758911132812,0.011546126720347173,1,1,0.9999139756900162,0.0008117162621875212,5.746086998276619e-08,0.9999139756900162,8.596684907871063e-05
2023-08-08,0.011546126720347173,0.011314175428321874,0.009618370893509764,-0.40121210028465093,85.22595977783203,0.005158132181969068,1,1,0.9998965831451361,0.0009580314845106438,5.925033652611655e-09,0.9998965831451361,0.00010341092984514813
2023-08-09,0.005158132181969068,0.011045155329800844,0.004630152961545781,-0.17523235719932423,85.66670227050781,-0.016599849592007637,1,1,0.9998672061133187,0.0012001204094596789,2.8488767616404404e-08,0.9998672061133187,0.00013276539790325483
2023-08-10,-0.016599849592007637,0.011134244906800485,0.018516626637418657,0.6144789697027239,84.25638580322266,-0.0023039739651081834,1,1,0.9985647149139568,0.009858072549601107,4.095101494975412e-10,0.9985647149139568,0.001435284676478968
2023-08-11,-0.0023039739651081834,0.011114794086603449,0.007025330597087102,-0.33107254127156654,84.06248474121094,-0.0022044134065727096,1,1,0.9999382206220478,0.000601699195540409,6.265962845659214e-08,0.9999382206220478,6.171671828098175e-05
2023-08-14,-0.0022044134065727096,0.011088119200808351,0.01082386233352992,-0.3384440150216186,83.87738037109375,-0.006113624368522102,1,1,0.9999433551754764,0.000556291033557278,7.797558014342311e-08,0.9999433551754764,5.6566848899976044e-05
2023-08-15,-0.006113624368522102,0.010962010108220045,0.006766751715565079,0.23502735634211042,83.36614990234375,-0.007854712954778988,1,1,0.9998495384913773,0.0013430831331981822,8.824070389124374e-08,0.9998495384913773,0.00015037326789973658
2023-08-16,-0.007854712954778988,0.010425861586898918,0.011402384234665355,-0.044425196743774514,82.71389770507812,-0.004271444403168122,1,1,0.9999289581050761,0.0006886806768294429,1.4155763346471137e-06,0.9999289581050761,6.962631854215283e-05
2023-08-17,-0.004271444403168122,0.01026632668821717,0.006314254621891007,0.334536440720248,82.36134338378906,0.00352532672242972,1,1,0.9998164037703683,0.0016204280539753382,3.4695891960568215e-06,0.9998164037703683,0.00018012664047747134
2023-08-18,0.00352532672242972,0.01036401609889287,0.009491302351606156,-0.2877637424481822,82.65220642089844,-0.013420382095782618,1,1,0.999945199096081,0.0005498260247589177,2.9715739657829506e-06,0.999945199096081,5.182932994489448e-05
2023-08-21,-0.013420382095782618,0.010577852302698932,0.005728478150962062,0.19042358604166718,81.5503921508789,0.0076448737250466355,1,1,0.999743333780669,0.002166410391921306,1.6311348645803278e-07,0.999743333780669,0.000256503105813299
2023-08-22,0.0076448737250466355,0.010907706601698434,0.008795448517628254,-0.31690429476868504,82.17622375488281,0.02447510798262388,1,1,0.9999332934713864,0.0006453356272128932,1.1902847838847355e-07,0.9999332934713864,6.658750012988257e-05
2023-08-23,0.02447510798262388,0.0126002434003081,0.01381619931102257,0.586196065383671,84.21231079101562,-0.006615585272011875,1,1,0.9933045320782137,0.03658496086284242,4.897916889020057e-14,0.9933045320782137,0.006695467921744305
2023-08-24,-0.006615585272011875,0.012004861025525233,0.006953994696481631,-0.5406889531479315,83.65703582763672,0.0032606781816274105,1,1,0.9998758694547899,0.0011292233646376154,2.676259086019013e-10,0.9998758694547899,0.00012413027755050086
2023-08-25,0.0032606781816274105,0.011952816573313919,0.01050199524448836,0.06779877863417794,83.93025970458984,0.0010497258811980735,1,1,0.9999017398291914,0.0009147867122534545,4.805635755763033e-10,0.9999017398291914,9.825969021145248e-05
2023-08-28,0.0010497258811980735,0.011929118458494214,0.008078097722683353,-0.3975040718038756,84.0184097290039,0.010332488190575164,1,1,0.9999284193421255,0.0006870485238139334,5.456756456449492e-10,0.9999284193421255,7.158011223226113e-05
2023-08-29,0.010332488190575164,0.011752152664290373,0.01630152356580717,0.5742181117428204,84.89102935791016,-0.0010386599371335647,1,1,0.9992976830093276,0.005280922104506564,2.2964747584945746e-10,0.9992976830093276,0.0007023167610344262
2023-08-30,-0.0010386599371335647,0.011523638647793764,0.005404888030446674,-0.48407572293384626,84.80290222167969,0.00445911414807937,1,1,0.9999140316851766,0.0008108432729061608,3.875226846326967e-09,0.9999140316851766,8.596443954678011e-05
2023-08-31,0.00445911414807937,0.010220715949041422,0.006415591375184016,0.4292835104844157,85.18189239501953,-0.01570108860494121,1,1,0.9997298497951576,0.0022869456704480407,4.442618965192188e-06,0.9997298497951576,0.0002657075858230029
2023-09-01,-0.01570108860494121,0.010078461587486787,0.012651523115939542,0.18596418838850365,83.85488891601562,-0.01412131132024381,1,1,0.999813544909591,0.001633694461967088,1.1917463696308688e-06,0.999813544909591,0.00018526334398951227
2023-09-05,-0.01412131132024381,0.010322353065806535,0.008554352870767978,-0.09809232891638318,82.67906951904297,0.002456261059311788,1,1,0.9999021949206195,0.0009162993419942837,1.0640494670024669e-06,0.9999021949206195,9.674102989307346e-05
2023-09-06,0.002456261059311788,0.009936573493393734,0.006933349609375,-0.21943135195203484,82.88240051269531,0.002769836349250341,1,1,0.9999231188002056,0.0007749623540043206,2.217988468204463e-05,0.9999231188002056,5.470131508283979e-05
2023-09-07,0.002769836349250341,0.009867798413313597,0.004148488254295399,-0.26734145119657027,83.11228942871094,0.003822057999513568,1,1,0.9998959309104748,0.0010019444139217023,1.4668842438405484e-05,0.9998959309104748,8.940024703698694e-05
2023-09-08,0.003822057999513568,0.00926259120545089,0.007735544512951911,-0.05916885140877053,83.43055725097656,-0.007232036631007541,1,1,0.99955774823238,0.003684126418037299,0.0003744391016518285,0.99955774823238,6.781266596957492e-05
2023-09-11,-0.007232036631007541,0.009378143913332559,0.004589607150930729,0.0005510998685514152,82.82936096191406,0.005747222752653641,1,1,0.9997557746755366,0.002223534051163334,0.00010649780845447182,0.9997557746755366,0.00013772751602763103
2023-09-12,0.005747222752653641,0.009480735444731665,0.007004096457630872,0.16062134145168058,83.30677032470703,-0.0002124010434596328,1,1,0.9997590733109479,0.002197867340712162,0.00012787095318683817,0.9997590733109479,0.00011305573590975941
2023-09-13,-0.0002124010434596328,0.009382958520709282,0.0075363453069991135,0.15239286206559083,83.28907775878906,-0.007243627839807082,1,1,0.999635962266766,0.003136401687761163,0.00027790685157965056,0.999635962266766,8.613088162078842e-05
2023-09-14,-0.007243627839807082,0.009357152569320768,0.008660296901159003,0.17521893651117804,82.68794250488281,-0.006112994836309211,1,1,0.9996877097795055,0.002750910871075034,0.0002203445274253686,0.9996877097795055,9.194569311382874e-05
2023-09-15,-0.006112994836309211,0.009410145384806966,0.005593849801874569,-0.08079087301668465,82.18401336669922,0.005685059740250345,1,1,0.9997662154532515,0.0021327820258813693,0.00014615131913491477,0.9997662154532515,8.763322764816293e-05
2023-09-18,0.005685059740250345,0.009466256271625504,0.007594385503219746,-0.3559303756467217,82.6525650024414,-0.00740803972813346,1,1,0.9998041547651914,0.00180857138169632,0.00013791420297960024,0.9998041547651914,5.793103187676167e-05
2023-09-19,-0.00740803972813346,0.009106251536195788,0.006788763283408638,0.32820875632915275,82.04253387451172,0.0031201623897398113,1,1,0.9993401662670361,0.005348456375633924,0.00048257760621741555,0.9993401662670361,0.00017725612670976596
2023-09-20,0.0031201623897398113,0.008969370589260369,0.006015657757264439,0.16618954543307365,82.29891967773438,-0.02600946279819835,1,1,0.9988228379972585,0.008676628004059935,0.0010436556502201742,0.9988228379972585,0.0001335063525481172
2023-09-21,-0.02600946279819835,0.008843973149508882,0.0074972472773494215,0.7109213355822903,80.18596649169922,0.008016583574283908,1,1,0.995254612392691,0.02746786537780282,6.878919089371232e-06,0.995254612392691,0.004738508688204473
2023-09-22,0.008016583574283908,0.00908319091637287,0.010281116026125869,-0.7084355647395963,80.83136749267578,-0.02491669958563032,1,1,0.9995485217868996,0.0038513561229689282,0.00027514057235842216,0.9995485217868996,0.0001763376407368656
2023-09-25,-0.02491669958563032,0.010365112952347868,0.009979809224073127,0.4344219032923598,78.84220123291016,-0.003482443612115492,1,1,0.9991249762145016,0.00640461191847914,2.3894373279328578e-08,0.9991249762145016,0.0008749998911527427
2023-09-26,-0.003482443612115492,0.010318432738191146,0.010239716822157676,-0.17932044253986995,78.568115234375,-0.005189748186204429,1,1,0.9999421646102445,0.0005795899756171307,4.0057114556028894e-06,0.9999421646102445,5.382967835053841e-05
2023-09-27,-0.005189748186204429,0.009805877947970219,0.017305806416871964,0.2121888767949068,78.16142272949219,0.0030493907991883122,1,1,0.9995236323220403,0.003759330845865291,1.4592929132673276e-06,0.9995236323220403,0.00047490838503852175
2023-09-28,0.0030493907991883122,0.009915692196841729,0.01838074963016622,0.24579261772286864,78.40013122558594,0.00011287733884587226,1,1,0.9991188455289413,0.006447003710346905,4.2966696988922093e-07,0.9991188455289413,0.0008807248040911233
2023-09-29,0.00011287733884587226,0.009768808760467136,0.015334316979527175,-0.20627698308998693,78.40898132324219,-0.01688192534268037,1,1,0.9997485404651861,0.0021490416068870167,5.217329564040886e-06,0.9997485404651861,0.00024624220526760725
2023-10-02,-0.01688192534268037,0.009845611067708647,0.014034294448639115,-0.09195670545838282,77.09639739990234,-0.021745986189258142,1,1,0.9996953129989314,0.0025298041697937577,1.1957905759781798e-06,0.9996953129989314,0.0003034912104696596
2023-10-03,-0.021745986189258142,0.010382890023777439,0.020691302454107028,0.46770422872468465,75.43795776367188,0.014009294799924701,1,1,0.9906570276157559,0.04820638562567403,2.7530916855137093e-10,0.9906570276157559,0.009342972108896766
2023-10-04,0.014009294799924701,0.01109226278252309,0.010897226857555422,-0.23740626146135013,76.50222778320312,-0.0049976579444864395,1,1,0.9997808616991583,0.0018802380065598189,1.1126707566664225e-08,0.9997808616991583,0.00021912717418241614
2023-10-05,-0.0049976579444864395,0.010977957833944299,0.006408051264410115,-0.45357126842896134,76.120849609375,-0.012191203131956015,1,1,0.9999389984727277,0.000595141173405305,1.1455970591875082e-07,0.9999389984727277,6.088696756983385e-05
2023-10-06,-0.012191203131956015,0.010931082097722384,0.01922402246977688,0.562965987055391,75.19847869873047,0.023198511159164555,1,1,0.9986815470792203,0.009157606692805501,1.640474219816889e-09,0.9986815470792203,0.001318451280340226
2023-10-09,0.023198511159164555,0.012619896171765881,0.021318346733567615,-0.7579211250807968,76.96336364746094,-0.0013834264255270813,1,1,0.7085002364505834,0.5493194429287418,3.0723139189567464e-17,0.7085002364505834,0.2914997635494609
2023-10-10,-0.0013834264255270813,0.012439195226602282,0.019039942951218008,0.6208246922944479,76.85696411132812,0.020670848221085655,1,1,0.9766174254565855,0.10096963606844848,6.785779870425619e-12,0.9766174254565855,0.02338257453665999
2023-10-11,0.020670848221085655,0.013598870605514794,0.009833872889994256,0.06666332561276202,78.46219635009766,-0.02750288766173023,1,1,0.9942059965524441,0.03242427067604825,1.0953318946472926e-16,0.9942059965524441,0.0057940034475964484
2023-10-12,-0.02750288766173023,0.01464694038324564,0.026257722135978732,0.13516481964597785,76.33366394042969,0.01773449515320769,2,2,0.7667772632579022,0.49438841054757443,1.2643068640565934e-25,0.23322273674206712,0.7667772632579022
2023-10-13,0.01773449515320769,0.015416185599562073,0.007533428347350019,-0.4161358861598627,77.69947814941406,-0.01622492161036364,2,2,0.5818445743624621,0.6186801669239824,7.473005791457616e-23,0.41815542563759783,0.5818445743624621
2023-10-16,-0.01622492161036364,0.015558887715372902,0.005452450549219067,-0.14265246793331418,76.44898223876953,-0.011082084509130223,2,2,0.5662265101781763,0.6229217130249942,1.0566064249042319e-23,0.4337734898217445,0.5662265101781763
2023-10-17,-0.011082084509130223,0.015624026110506303,0.013255099746838342,0.3236253366059348,75.6064453125,-0.008836809294302755,1,1,0.7845910810806219,0.474266912343952,3.9114007743110993e-22,0.7845910810806219,0.21540891891932526
2023-10-18,-0.008836809294302755,0.015562463202717362,0.010295890492095044,0.1852395985352944,74.94126892089844,-0.020685666254020164,1,1,0.9330965612865725,0.22351327610021166,2.636571787229293e-22,0.9330965612865725,0.06690343871336488
2023-10-19,-0.020685666254020164,0.01522024541313532,0.022109482968161818,0.3193158777057616,73.406982421875,0.005662204988013918,1,1,0.7778294898867577,0.4821003858862287,7.818040788033553e-24,0.7778294898867577,0.22217051011334654
2023-10-20,0.005662204988013918,0.01512784681842221,0.009250411968067628,-0.5190186384964176,73.82380676269531,0.011942172412441334,1,1,0.9743220625757266,0.10866542288385182,1.7489725535586666e-20,0.9743220625757266,0.025677937424331797
2023-10-23,0.011942172412441334,0.014754621710180113,0.02896489201426798,0.3062671099153332,74.71070861816406,0.013090380622245332,2,2,0.964170768362796,0.1405907767875522,1.7778031461584425e-26,0.035829231637118604,0.964170768362796
2023-10-24,0.013090380622245332,0.01516745003285759,0.014762766945010702,-0.42669092894665883,75.69512939453125,-0.02251274472112033,2,1,0.510792842272553,0.6307176778590236,1.32638825808699e-20,0.510792842272553,0.48920715772750883
2023-10-25,-0.02251274472112033,0.01584685470475343,0.011983223925343286,0.27211226698276775,74.01006317138672,0.015222219517297067,2,1,0.5088381710127264,0.6307875426460563,1.0048644032139037e-24,0.5088381710127264,0.49116182898716687
2023-10-26,0.015222219517297067,0.01630752966494784,0.01675909492135187,-0.20046893576202474,75.14527893066406,-0.004258024199484218,2,2,0.6634541959265418,0.5813859056729965,1.757397743047009e-26,0.33654580407339757,0.6634541959265418
2023-10-27,-0.004258024199484218,0.016305317359617304,0.014578681010928653,-0.4290932596035943,74.82598876953125,-0.004514235598058391,2,1,0.6278221591318349,0.6008530993941704,9.931115703998668e-25,0.6278221591318349,0.3721778408682037
2023-10-30,-0.004514235598058391,0.015955501769326787,0.015001811742800287,0.33026592388384807,74.48896789550781,-0.0048933376495881,1,1,0.8357865378065942,0.40650480785591453,2.02426580735e-23,0.8357865378065942,0.16421346219338803
2023-10-31,-0.0048933376495881,0.015272647311519385,0.014596716494151802,-0.1890928406745847,74.12535858154297,0.021450481518595466,1,1,0.980968270170195,0.08578683873068804,6.5434968780657e-21,0.980968270170195,0.01903172982972053
2023-11-01,0.021450481518595466,0.01573794782922473,0.012926041401165675,0.6627744396773443,75.73255920410156,0.022540583036678268,1,1,0.7425938493159149,0.5191333791767593,9.882352135274913e-25,0.7425938493159149,0.2574061506840718
2023-11-02,0.022540583036678268,0.016509975296400588,0.012522935735587487,-0.03617625012639441,77.45899963378906,0.006755715589121189,2,2,0.7349398005637227,0.5263762900981229,1.3429455038210843e-28,0.265060199436302,0.7349398005637227
2023-11-03,0.006755715589121189,0.01626273334494814,0.016775091484392216,0.10799071553736449,77.98406219482422,-0.009747172455458721,2,2,0.5979485684676977,0.6133507656829252,5.0590236344936305e-25,0.40205143153232464,0.5979485684676977
2023-11-06,-0.009747172455458721,0.015639783728092965,0.0069140180060043455,-0.6308796398374046,77.22763061523438,0.014642363869599677,2,1,0.7516148585369866,0.5102383096380062,1.3970906948962115e-22,0.7516148585369866,0.24838514146291368
2023-11-07,0.014642363869599677,0.0159631223268103,0.01033390514806536,-0.08866305804649585,78.36674499511719,0.016890079184235598,2,1,0.7616497608025146,0.499876813417637,9.496842788972706e-25,0.7616497608025146,0.23835023919749931
2023-11-08,0.016890079184235598,0.015738379608960608,0.013063932896764305,0.35379456595790937,79.70160675048828,-0.023269907806165304,2,1,0.6704177892797708,0.5769845971272658,7.653668362999933e-24,0.6704177892797708,0.3295822107202345
2023-11-09,-0.023269907806165304,0.015361922963388468,0.026171439034598214,0.5013485338689645,77.86837005615234,0.005584608936023572,2,2,0.9684956440556833,0.1273726766097422,2.224468640019955e-27,0.03150435594430867,0.9684956440556833
2023-11-10,0.005584608936023572,0.014898365731531362,0.007500894171303713,-0.8905950805616859,78.30445098876953,-0.0022760770952779414,1,1,0.7342281746471837,0.5270357033980034,7.386164260598741e-19,0.7342281746471837,0.2657718253528566
2023-11-13,-0.0022760770952779414,0.014397825253102568,0.011846462064945709,-0.3527696605241774,78.12642669677734,0.022414940736081884,1,1,0.9909308895198721,0.04704007951218386,2.842729445478977e-17,0.9909308895198721,0.009069110480020844
2023-11-14,0.022414940736081884,0.014849171602453711,0.00957897774609769,0.9396016563036977,79.89739990234375,-0.014133656963338624,1,1,0.6098644979081096,0.6087758774446149,1.4304137507290542e-21,0.6098644979081096,0.3901355020919654
2023-11-15,-0.014133656963338624,0.0151118075457522,0.009376433151047796,-0.1555824120217387,78.7761001586914,0.012349939126125826,1,1,0.9297570994932102,0.23144361757737944,1.2271750391605601e-20,0.9297570994932102,0.07024290050690159
2023-11-16,0.012349939126125826,0.014224072471667973,0.00792232830521459,-0.12756580071270693,79.75501251220703,0.004675359641473125,1,1,0.9921987774532859,0.041537630011598214,5.538612853260977e-18,0.9921987774532859,0.0078012225467244435
2023-11-17,0.004675359641473125,0.014220250928790763,0.008773888355115604,-0.11518050569247608,80.12876892089844,0.006089884275906228,1,1,0.9990447457046716,0.006915260475162633,1.882348791075292e-17,0.9990447457046716,0.0009552542954216157
2023-11-20,0.006089884275906228,0.01411012252781586,0.011590717454512503,-0.08551107642152195,80.61823272705078,-0.0004416695293323812,1,1,0.999473457159069,0.004097323319622343,5.938714298647601e-17,0.999473457159069,0.0005265428408275245
2023-11-21,-0.0004416695293323812,0.013965140022050276,0.010049736404638314,-0.3785634269691374,80.58263397216797,0.003527717562631505,1,1,0.9996944089604258,0.00252934813331748,2.8776018485300083e-16,0.9996944089604258,0.0003055910396293069
2023-11-22,0.003527717562631505,0.012595445992078791,0.010344474667044303,0.11814771469278337,80.8674087524414,-0.011844630056557764,1,1,0.9998417314377569,0.0014047710403010316,7.022156940907446e-12,0.9998417314377569,0.0001582685551443788
2023-11-24,-0.011844630056557764,0.012826878350796602,0.005233866422390272,-0.43467516116897303,79.91521453857422,0.01656541191009108,1,1,0.9996667986730877,0.002731637104483715,2.0807456288815978e-13,0.9996667986730877,0.000333201326675429
2023-11-27,0.01656541191009108,0.013043439749377144,0.012376749349913773,0.6783146567128054,81.25006866455078,0.0019697743014772283,1,1,0.9970782580284469,0.018175215166440602,4.710699181437094e-14,0.9970782580284469,0.0029217419715712708
2023-11-28,0.0019697743014772283,0.012897344083608991,0.008089176176374115,0.12244722477521947,81.41027069091797,0.012492437327334373,1,1,0.9996926837851505,0.002542052270088896,6.21739551371927e-13,0.9996926837851505,0.0003073162142944293
2023-11-29,0.012492437327334373,0.012820661494586195,0.009931968004148674,0.31501285993433614,82.43366241455078,-0.011618361223508462,1,1,0.9993784760066307,0.004742575129961225,4.1296563840261113e-13,0.9993784760066307,0.0006215239929471781
2023-11-30,-0.011618361223508462,0.01276202089139955,0.012341604232730868,-0.01844878372669292,81.48146057128906,0.018658840546011964,1,1,0.9998168252534042,0.0016014653357850194,9.47945892682473e-13,0.9998168252534042,0.00018317474565496622
2023-12-01,0.018658840546011964,0.012486281093708597,0.02075492364246812,0.05858133518147826,83.01608276367188,-0.003986583590797735,1,1,0.9846257908472678,0.07231279146009127,5.059256596072663e-15,0.9846257908472678,0.015374209152633257
2023-12-04,-0.003986583590797735,0.012568023467300347,0.007989694139707383,-0.6421068314156182,82.685791015625,0.02125790603679228,1,1,0.9997936329949514,0.0017818353807751177,1.0056736764454755e-11,0.9997936329949514,0.00020636699490447105
2023-12-05,0.02125790603679228,0.012831828355728206,0.011098224764654982,0.7790268587411584,84.46233367919922,0.013229927760120592,1,1,0.9907327983985671,0.04788444169715766,5.4785161800025685e-14,0.9907327983985671,0.00926720160137865
2023-12-06,0.013229927760120592,0.012776708076717063,0.012308337033168826,-0.1777292308228339,85.58718872070312,-0.005753596192800376,1,1,0.9995191733734256,0.0037813415283693497,3.557870969914505e-13,0.9995191733734256,0.00048082662613615606
2023-12-07,-0.005753596192800376,0.012614539590929248,0.010700842170861802,-0.2501809068330088,85.0961685180664,-0.008216580301915185,1,1,0.999894155433493,0.0009782262973901852,6.217949896976213e-12,0.999894155433493,0.00010584456037261418
2023-12-08,-0.008216580301915185,0.011331166543218633,0.008567776081549785,-0.06816650929683832,84.39983367919922,-0.00211786551992751,1,1,0.9999241190970274,0.000724407310550776,1.3757911223594107e-08,0.9999241190970274,7.586714514519175e-05
2023-12-11,-0.00211786551992751,0.011406098319364594,0.009646000608798708,-0.27871236633029506,84.22127532958984,0.0029638838697022135,1,1,0.9999447911104464,0.0005430786623769064,1.4765239762445051e-08,0.9999447911104464,5.519412432372358e-05
2023-12-12,0.0029638838697022135,0.011322879050309645,0.00845482349547061,0.08713301619977365,84.47126770019531,0.02319108671211067,1,1,0.9999104550675997,0.0008413814487910755,1.9432571154898286e-08,0.9999104550675997,8.95254997992234e-05
2023-12-13,0.02319108671211067,0.011390787222730597,0.02023964052031149,0.6494273367237272,86.45314025878906,0.025680370218182966,1,1,0.9734901856987938,0.11140625212780517,2.8170526811109607e-12,0.9734901856987938,0.026509814298289566
2023-12-14,0.025680370218182966,0.011543381834495114,0.016357055044494,0.2147840931095362,88.70204162597656,0.0011101359186760672,1,1,0.9870636998323745,0.06289356887571924,3.8227542222628485e-12,0.9870636998323745,0.012936300163789953
2023-12-15,0.0011101359186760672,0.011488036721834348,0.00776597711766495,-0.3816798051752968,88.80056762695312,-0.007999421587347087,1,1,0.9998958517451573,0.0009641611573543416,8.521594682411619e-09,0.9998958517451573,0.00010413973322967333
2023-12-18,-0.007999421587347087,0.011871668103944688,0.004880066632320429,-0.5453012925366422,88.09304809570312,0.005373819683666897,1,1,0.9998655381377576,0.0012134221733695039,2.6366111872861277e-10,0.9998655381377576,0.000134461598674381
2023-12-19,0.005373819683666897,0.011868455560933683,0.006067332165277719,-0.14625393048823582,88.56771850585938,0.006752129917519048,1,1,0.9998566308887776,0.0012854329961590155,3.1312623460713467e-10,0.9998566308887776,0.00014336879798505892
2023-12-20,0.006752129917519048,0.011813241447427925,0.011149062249607801,0.5345030590114884,89.16776275634766,-0.006347947515602546,1,1,0.9997059219540451,0.002444350320768542,1.0515754032917396e-09,0.9997059219540451,0.0002940769942809009
2023-12-21,-0.006347947515602546,0.012084034020786043,0.011017854387225742,0.24162429608718608,88.60352325439453,-0.004558985204394013,1,1,0.9998724675383797,0.0011570309884957842,1.9027399191926033e-10,0.9998724675383797,0.0001275322713959092
2023-12-22,-0.004558985204394013,0.011665799205056062,0.011575947916213943,-0.8022566186647515,88.20050048828125,0.0028391533818719135,1,1,0.9998640839211554,0.0012252398478251921,2.667786646900731e-09,0.9998640839211554,0.00013591341107336357
2023-12-26,0.0028391533818719135,0.011344738028938466,0.0039489609276282,-0.1968069364355597,88.4512710571289,0.017564529948506023,1,1,0.9998288020542418,0.0015073369564628377,4.2094721634753965e-09,0.9998288020542418,0.00017119373618691296
2023-12-27,0.017564529948506023,0.011710095869356854,0.010247724180732009,0.6296264720621245,90.01860046386719,-0.007289457770648243,1,1,0.9985285333212449,0.010073208884471125,2.4081546085968094e-10,0.9985285333212449,0.0014714664380082512
2023-12-28,-0.007289457770648243,0.011880428570174531,0.010122290525022712,-0.21908262865686007,89.36479949951172,-0.009060472350764407,1,1,0.9999192466090892,0.0007662278197519288,6.505600712118198e-10,0.9999192466090892,8.075274032813432e-05
2023-12-29,-0.009060472350764407,0.01171565569455225,0.010315500317544381,0.13907134415155423,88.55876922607422,-0.005781710362338844,1,1,0.9998957063412052,0.0009653089997769475,1.3512490066523562e-09,0.9998957063412052,0.00010429230753590989
2024-01-02,-0.005781710362338844,0.011394485002540752,0.006611754063888555,0.13848173017394763,88.04822540283203,0.004162059688062335,1,1,0.9998537991107341,0.0013082878783452468,7.315355294877223e-09,0.9998537991107341,0.00014619357384664146
2024-01-03,0.004162059688062335,0.011278779153808118,0.017220390267637796,0.19621799150184308,88.41545104980469,-0.015311043036549997,1,1,0.9996212348772128,0.0030610055208216604,2.1541908689431725e-09,0.9996212348772128,0.00037876296863037046
2024-01-04,-0.015311043036549997,0.011186645166531155,0.005862987941444672,-0.10038756879928827,87.07202911376953,-0.009612142204467147,1,1,0.9997972542750844,0.0017538860629619493,4.768548054113635e-09,0.9997972542750844,0.00020274095635731734
2024-01-05,-0.009612142204467147,0.011094005757216656,0.015266395334160583,-0.13644984652677494,86.23908996582031,0.009817681461874513,1,1,0.9998043510236905,0.0016988856516677257,9.44768727277605e-09,0.9998043510236905,0.00019563952856599054
2024-01-08,0.009817681461874513,0.011186944160654615,0.013266155325657085,-0.15041070728553158,87.08992767333984,-0.006396116811933815,1,1,0.9998533842693187,0.0013116367708634058,8.998621418883796e-09,0.9998533842693187,0.00014660673199771263
2024-01-09,-0.006396116811933815,0.011113820308444707,0.006002916731186073,-0.13864064894835404,86.53466796875,-0.004668589716143952,1,1,0.9999071879278144,0.0008691575072695696,3.4303852953454286e-08,0.9999071879278144,9.277776835677981e-05
2024-01-10,-0.004668589716143952,0.011168988387898707,0.009670378734353178,0.33863515362340396,86.1316146850586,0.005599715475251489,1,1,0.9998854928059174,0.0010504946606807587,5.1381002875635605e-08,0.9998854928059174,0.00011445581311939544
2024-01-11,0.005599715475251489,0.011207358153151012,0.01158104391670747,0.4917245613043244,86.61528015136719,-0.001967080828645259,1,1,0.9998109780445845,0.0016475056330127243,3.762402591142145e-08,0.9998109780445845,0.00018898433134545333
2024-01-12,-0.001967080828645259,0.009957666515938024,0.01036054739721995,-0.7070798963785858,86.445068359375,-0.017769901600729776,1,1,0.9998982859206299,0.0009904006350104767,2.0608988797852577e-05,0.9998982859206299,8.110509064931567e-05
2024-01-16,-0.017769901600729776,0.008722123432175745,0.01349924892867016,0.46197427559034737,84.92251586914062,-0.0015829660869321116,1,1,0.9992666878140555,0.005705329496511004,7.493839499043394e-05,0.9992666878140555,0.0006583737909045043
2024-01-17,-0.0015829660869321116,0.008689428843025135,0.008872888498334942,-0.10604902302434552,84.78819274902344,-0.00933868037525976,1,1,0.9966347060759114,0.020824916524212464,0.0032911780921772117,0.9966347060759114,7.411583188143324e-05
2024-01-18,-0.00933868037525976,0.008740575455823268,0.01140846235610866,0.3316941134139503,84.00006866455078,0.0031933352637892273,1,1,0.9985531473669215,0.010417896496769965,0.001268940615495398,0.9985531473669215,0.0001779120175541835
2024-01-19,0.0031933352637892273,0.008651934312363796,0.009671549241504037,-0.4973948166884967,84.26873779296875,0.005934045513773445,1,1,0.9971040518066931,0.01840664212714945,0.002804838758750647,0.9971040518066931,9.110943450889762e-05
2024-01-22,0.005934045513773445,0.008607772049461386,0.007290041524379453,-0.27407555839839925,84.77027893066406,-0.007955503374130632,1,1,0.9960347282430047,0.02391191081532854,0.0038872233633346484,0.9960347282430047,7.804839368278048e-05
2024-01-23,-0.007955503374130632,0.00865270049967473,0.005963765170327501,0.0008470419037373505,84.09856414794922,-0.005874446012276799,1,1,0.9969330034394179,0.01940528581607942,0.002946628419114431,0.9969330034394179,0.00012036814140274682
2024-01-24,-0.005874446012276799,0.008673277733630053,0.01542584322382666,0.42199775409308177,83.6059799194336,0.006513089997501125,1,1,0.9991781255742491,0.006574832267042814,0.0003590952728685661,0.9991781255742491,0.00046277915289340494
2024-01-25,0.006513089997501125,0.008833633455589558,0.006917853684678485,0.043817490712008404,84.15229034423828,-0.001917066022307115,1,1,0.9984628183171165,0.01082108937178539,0.0014277437446527596,0.9984628183171165,0.00010943793819047682
2024-01-26,-0.001917066022307115,0.007475397870635185,0.006184707172151771,-0.666592751634432,83.99111938476562,0.011450167920684581,1,1,0.8770357261734651,0.3402550223899081,0.12283458680337628,0.8770357261734651,0.00012968702309547613
2024-01-29,0.011450167920684581,0.00811767664514603,0.011068895378530083,0.2671774168404206,84.95835876464844,0.009025069394756717,1,1,0.9481188466207863,0.18759978506815758,0.05153442130711644,0.9481188466207863,0.00034673207202209113
2024-01-30,0.009025069394756717,0.008355561825381875,0.011491835145141965,0.048681083013691284,85.72858428955078,0.00977266303223953,1,1,0.9868267621785523,0.06478441430397357,0.012969288337847235,0.9868267621785523,0.00020394948354550348
2024-01-31,0.00977266303223953,0.008666309322738703,0.009414479905157458,0.6974205771639235,86.57048797607422,0.019426076777903926,1,1,0.9942183669415054,0.034154579070593806,0.005164079203087325,0.9942183669415054,0.0006175538554906449
2024-02-01,0.019426076777903926,0.009736607713664587,0.015065103417361808,0.044199584283169314,88.2686538696289,-0.022336635651120516,1,1,0.9989193356441277,0.007705030091982692,4.0869991850148005e-07,0.9989193356441277,0.0010802556559368092
2024-02-02,-0.022336635651120516,0.01041782615678314,0.009680444552202008,-0.2781591430304567,86.31888580322266,-0.0204001724666317,1,1,0.9997218616640665,0.002326553924385505,7.041020200413666e-08,0.9997218616640665,0.0002780679256363754
2024-02-05,-0.0204001724666317,0.011170152300205275,0.008817612400647863,-0.17033569623981124,84.5758056640625,0.009725840153216581,1,1,0.9997840596092313,0.0018556090159449745,2.5217987198955397e-09,0.9997840596092313,0.00021593786901952832
2024-02-06,0.009725840153216581,0.011165500336704945,0.009889557193326846,-0.47688247910368586,85.40238952636719,-0.004850737051051649,1,1,0.9999109832222224,0.0008368969938824556,1.9166904551863334e-08,0.9999109832222224,8.899761086812467e-05
2024-02-07,-0.004850737051051649,0.011131329319448892,0.007506150135907922,0.1829797960278343,84.98912811279297,-0.005831672586336777,1,1,0.9998866139127746,0.0010411947462364132,4.657746522697771e-08,0.9998866139127746,0.0001133395097598982
2024-02-08,-0.005831672586336777,0.011155060950115918,0.0068056080754753615,0.22189552084034464,84.49494171142578,-0.0020224645358996297,1,1,0.9998464214198315,0.0013676150493873536,3.0748578273077656e-08,0.9998464214198315,0.00015354783151428814
2024-02-09,-0.0020224645358996297,0.011048881664500815,0.0037293391562240588,-0.5833117588191365,84.32422637939453,0.0011712610813534995,1,1,0.9998998853825792,0.0009306349174114861,3.610577922330109e-08,0.9998998853825792,0.00010007851152925664
2024-02-12,0.0011712610813534995,0.011061790294751893,0.006811402680762696,-0.002184752022272514,84.42304992675781,-0.01728338266881542,1,1,0.9999120046796688,0.0008285653170810996,6.871111139033142e-08,0.9999120046796688,8.792660924319308e-05
2024-02-13,-0.01728338266881542,0.011023865239179259,0.007904664207911763,0.5791032956534409,82.97647094726562,0.005076422819094568,1,1,0.9992777679274853,0.005412373908680532,8.61065562468301e-09,0.9992777679274853,0.0007222234619281408
2024-02-14,0.005076422819094568,0.011110619195147916,0.008834299693171933,-0.11884752800465431,83.39876556396484,0.005158180710612604,1,1,0.9999308135967746,0.0006666168297283737,5.579603809376373e-08,0.9999308135967746,6.913060729703042e-05
2024-02-15,0.005158180710612604,0.010998354193864883,0.007717054631860057,0.1154258655642044,83.83006286621094,-0.005804702252896547,1,1,0.9998951983746786,0.0009702065451282999,9.22418602683743e-08,0.9998951983746786,0.00010470938340811434
2024-02-16,-0.005804702252896547,0.011040447434040195,0.005498082411441327,-0.4039198848463845,83.34486389160156,0.0008620273309027053,1,1,0.9999240209311224,0.0007255569427829379,5.65858589914728e-08,0.9999240209311224,7.592248295875725e-05
2024-02-20,0.0008620273309027053,0.010941448625982146,0.00506248642010437,-0.30262143590319496,83.41674041748047,-0.007134209226946438,1,1,0.999917972896314,0.0007777721550789678,8.915171748429369e-08,0.999917972896314,8.193795193062714e-05
2024-02-21,-0.007134209226946438,0.010914707116922034,0.009655016128248494,0.3955850941897421,82.82374572753906,0.0048694454556025115,1,1,0.9998679208854588,0.0011952166863980183,1.64443917776002e-07,0.9998679208854588,0.0001319146706102901
2024-02-22,0.0048694454556025115,0.010914325643447404,0.005289922354456251,0.217886948677642,83.22803497314453,0.013298007151888207,1,1,0.9997511814514362,0.002106604234115239,7.237168369495188e-08,0.9997511814514362,0.0002487461769201416
2024-02-23,0.013298007151888207,0.01123555584410295,0.013316288094446812,-0.16265938991527745,84.34219360351562,-0.002987297722590176,1,1,0.9997841239961918,0.0018551210642338521,3.1789892088054242e-09,0.9997841239961918,0.00021587282491942642
2024-02-26,-0.002987297722590176,0.011248273238586808,0.008975279097757164,-0.3212194400678496,84.09061431884766,-0.007076835298206801,1,1,0.9999469291494282,0.0005241076547231354,3.597261561596966e-08,0.9999469291494282,5.303487784822042e-05
2024-02-27,-0.007076835298206801,0.011021403853699504,0.006671717901065151,0.08221920321769856,83.49761962890625,0.006328682512173826,1,1,0.9998856397286582,0.001049334260162813,5.9057457377856905e-08,0.9998856397286582,0.00011430121393167653
2024-02-28,0.006328682512173826,0.010909956727062605,0.007484997576655553,0.13387605248708678,84.02772521972656,0.00703243645052476,1,1,0.9998813523406367,0.0010851300504889664,1.2744144864061368e-07,0.9998813523406367,0.00011852021785903852
2024-02-29,0.00703243645052476,0.010784002430057884,0.005521387457803457,0.38947447001569085,84.6207275390625,0.006211796320019943,1,1,0.9995695105729979,0.0034299071334502698,1.3143536666218655e-07,0.9995695105729979,0.00043035799158413384
2024-03-01,0.006211796320019943,0.009819370708636631,0.01587805632071141,-0.10758221718607823,85.14801025390625,-0.004030504804727665,1,1,0.9996497386827654,0.0028670873197761816,2.0625790899370508e-06,0.9996497386827654,0.0003481987381406462
2024-03-04,-0.004030504804727665,0.008579154176547612,0.005101534441661929,-0.6526205640051753,84.80551147460938,0.014141023318907818,1,1,0.9950058729729941,0.029006676962187988,0.004911923888606105,0.9950058729729941,8.220313828781463e-05
2024-03-05,0.014141023318907818,0.007892963830999519,0.007439998765609859,0.45786139965055656,86.01326751708984,0.005851165412137189,1,1,0.9867104732665072,0.0669392294332425,0.012527453041410312,0.9867104732665072,0.0007620736920806137
2024-03-06,0.005851165412137189,0.0077088544773894286,0.00791743435513508,0.07282748679652053,86.51802062988281,-0.0009379984796820676,1,1,0.9147238347939097,0.26640844964269894,0.0851089648105351,0.9147238347939097,0.00016720039560143854
2024-03-07,-0.0009379984796820676,0.007610964463720847,0.009593307135631777,-0.03758543814153829,86.43690490722656,-0.001774208526396419,1,1,0.6635185487971411,0.5822632625065863,0.33636961262302545,0.6635185487971411,0.00011183857977373217
2024-03-08,-0.001774208526396419,0.007476529817669889,0.005954242921092724,-0.44567948176513195,86.28368377685547,-0.0005226234186580826,0,0,0.8386420196967718,0.40249825705479464,0.8386420196967718,0.16132949462681234,2.8485676446124893e-05
2024-03-11,-0.0005226234186580826,0.007451597379190133,0.006688956810275187,-0.34128494367724427,86.23860168457031,-0.008396481165898967,0,0,0.9811590374159628,0.08518648133052217,0.9811590374159628,0.018829881524842995,1.1081059284729198e-05
2024-03-12,-0.008396481165898967,0.007749465345542669,0.005480571860447521,0.5081066016137341,85.51753234863281,-0.004859788865528951,0,0,0.9891905989453963,0.055330362734318295,0.9891905989453963,0.010583318272740451,0.00022608278185729522
2024-03-13,-0.004859788865528951,0.006657849484402035,0.005613204719073772,0.25804385996810253,85.10294342041016,-0.015476195425459914,0,0,0.9995499583288525,0.003617653878961319,0.9995499583288525,0.00043775464531383166,1.2287025895826512e-05
2024-03-14,-0.015476195425459914,0.00756321338042053,0.00957297384062255,0.4220577627384273,83.79601287841797,-0.0003226323623143734,0,0,0.9928447197925426,0.040374262450900276,0.9928447197925426,0.006629104962430358,0.0005261752450280366
2024-03-15,-0.0003226323623143734,0.007474312051275364,0.0043038682523283975,-0.511444330141007,83.76898193359375,-0.003017270423189023,0,0,0.9985983638752343,0.009719136947227341,0.9985983638752343,0.001389861908628733,1.1774216118685271e-05
2024-03-18,-0.003017270423189023,0.007386565009065568,0.005288126963132071,-0.17023128312496993,83.51660919189453,0.002802033242234813,0,0,0.9993267632709805,0.005140404359248771,0.9993267632709805,0.0006619406487717347,1.1296080276001661e-05
2024-03-19,0.002802033242234813,0.007409759817190126,0.0062418662622618255,-0.0909527433503249,83.7509536743164,-0.0003225325943043362,0,0,0.9993679993814648,0.004865430895995913,0.9993679993814648,0.0006204396937399155,1.1560924759914367e-05
2024-03-20,-0.0003225325943043362,0.007208729103636375,0.016148132305480005,0.477744957222916,83.72394561767578,0.0021503463262101913,0,0,0.9826656231772115,0.0877788779153781,0.9826656231772115,0.01365579443629704,0.00367858238646422
2024-03-21,0.0021503463262101913,0.007148175887914391,0.007519572196580549,-0.23738037017864125,83.9041748046875,0.009515224175786426,0,0,0.9987589223584924,0.008741314485065528,0.9987589223584924,0.0012311140649631303,9.963576451897363e-06
2024-03-22,0.009515224175786426,0.0068321210093463215,0.004575444667124041,-0.12456019221038511,84.70635223388672,-0.0050136140494874675,0,0,0.9994651704655018,0.00423630572256543,0.9994651704655018,0.0005133173584632733,2.1512176132945038e-05
2024-03-25,-0.0050136140494874675,0.0068968328284219,0.004812286792450518,-0.2313573372168558,84.28273010253906,0.002776598390172697,0,0,0.999749721044015,0.0021473207966822175,0.999749721044015,0.00024289820096390412,7.3807550948131614e-06
2024-03-26,0.002776598390172697,0.006705396788079782,0.006292033575846319,0.36017956942784507,84.51707458496094,0.009869243249285092,0,0,0.9998545970702897,0.0013375205126575803,0.9998545970702897,0.0001342937026283762,1.1109227020961327e-05
2024-03-27,0.009869243249285092,0.006908084147415373,0.008025285441681029,0.3764490900996748,85.3553237915039,-0.0008453034856964861,0,0,0.9995621850303293,0.003596088978062155,0.9995621850303293,0.0004007143714551651,3.710059825953116e-05
2024-03-28,-0.0008453034856964861,0.006755958382788699,0.0073979806375293455,-0.3730443822862921,85.283203125,-0.018816698806355208,0,0,0.9998265918348207,0.0015452956042973736,0.9998265918348207,0.0001684256438498939,4.982521334446133e-06
2024-04-01,-0.018816698806355208,0.007850225860426684,0.009076217607636133,0.3485757376910629,83.6934585571289,-0.0055260630171022245,0,0,0.9681827891456628,0.13643114265192288,0.9681827891456628,0.029266936765606648,0.002550274088636427
2024-04-02,-0.0055260630171022245,0.007889028238660731,0.009343770119481743,-0.12750030996790668,83.23223876953125,-0.00021726712693590769,0,0,0.9835785025060101,0.07656046365374966,0.9835785025060101,0.016370445790282722,5.105170381110272e-05
2024-04-03,-0.00021726712693590769,0.007053861167141286,0.01086720317844468,0.05438416030869768,83.21415710449219,0.007146828278900708,0,0,0.9976419842418044,0.015258117513591187,0.9976419842418044,0.0023323200933746584,2.569566478701014e-05
2024-04-04,0.007146828278900708,0.007131936513792169,0.00776867952451798,0.05272387538735388,83.81100463867188,-0.014016680107195536,0,0,0.9993063874358095,0.00529542445982883,0.9993063874358095,0.000676788672829955,1.6823891258029958e-05
2024-04-05,-0.014016680107195536,0.007649856183978966,0.008753726415370143,-0.12090551615804637,82.64444732666016,-0.00010930797079253486,0,0,0.9947680498284707,0.030397178574289377,0.9947680498284707,0.005078367805168111,0.00015358236639309323
2024-04-08,-0.00010930797079253486,0.0076642751376040435,0.005033914404669834,-0.11498961221565568,82.63541412353516,0.009258662537660648,0,0,0.9979666900075043,0.013423786464415876,0.9979666900075043,0.0020130230204105314,2.028697204711813e-05
2024-04-09,0.009258662537660648,0.008075318035154011,0.005638124835022518,-0.15250120506936296,83.40406036376953,-0.022034283210328725,0,0,0.9907629144540531,0.048364992431803096,0.9907629144540531,0.00911051980740151,0.00012656573856494215
2024-04-10,-0.022034283210328725,0.00917414835760234,0.013855020872169348,0.8271210602919783,81.58641052246094,-0.004555093197693369,1,1,0.8867211986477382,0.37451899489060153,0.023724286214307697,0.8867211986477382,0.08955451513802881
2024-04-11,-0.004555093197693369,0.009170018384153714,0.010355197978588266,-0.12315992185361126,81.21562194824219,0.005330763621726539,1,1,0.9978221310962562,0.01514458856288644,0.0017249061890552485,0.9978221310962562,0.00045296271461099533
2024-04-12,0.005330763621726539,0.008772667819591984,0.007420513480470082,-0.3167603297445351,81.64971923828125,-0.015627277213504442,1,1,0.9977202698848223,0.014986052650166556,0.002208336803061911,0.9977202698848223,7.139331214125653e-05
2024-04-15,-0.015627277213504442,0.009332792703669412,0.008324957793286236,0.1561108767605687,80.38367462158203,-0.006659528207979971,1,1,0.9997639196125291,0.002131456007910691,6.016940820536763e-05,0.9997639196125291,0.00017591097928842863
2024-04-16,-0.006659528207979971,0.00938777631030637,0.008946782426092079,-0.2162752714295675,79.85013580322266,0.011037439224370166,1,1,0.9997335792698803,0.0023684517631133496,0.00020580845585791094,0.9997335792698803,6.061227434588878e-05
2024-04-17,0.011037439224370166,0.009792669399803281,0.010304639129975557,0.2505756022511704,80.73635864257812,-0.005052869856376953,1,1,0.9998291671843792,0.0015546575988878322,1.6932551908217505e-05,0.9998291671843792,0.00015390026369029093
2024-04-18,-0.005052869856376953,0.009811376426331148,0.0076550747625680595,-0.2789935622143018,80.32943725585938,0.003595694714427119,1,1,0.9999068128923104,0.0009303738171113474,4.169775605561172e-05,0.9999068128923104,5.1489351557339326e-05
2024-04-19,0.003595694714427119,0.009849343432370691,0.005384135943056904,0.022270937382582758,80.6187973022461,-0.0016839403381243058,1,1,0.9998719250932159,0.0012132344451060272,2.08408096842759e-05,0.9998719250932159,0.00010723409709360437
2024-04-22,-0.0016839403381243058,0.009471490284299076,0.005280912592169944,-0.5851711194157472,80.483154296875,0.0003371287120057257,1,1,0.9997701999707104,0.002080264704514846,0.00017136375238682798,0.9997701999707104,5.8436276818465564e-05
2024-04-23,0.0003371287120057257,0.009474020945890286,0.011119823400466522,0.08641612864283053,80.51029205322266,-0.007101581559715306,1,1,0.9997827434739995,0.00199353385986791,0.0001415532820589576,0.9997827434739995,7.570324404078208e-05
2024-04-24,-0.007101581559715306,0.009453471400424662,0.012782774139287368,0.5874996899892271,79.94056701660156,-0.0070383791040016476,1,1,0.9996869060499796,0.0027541450331630946,8.83962582856612e-05,0.9996869060499796,0.00022469769162164634
2024-04-25,-0.0070383791040016476,0.009007928620107785,0.006379644517839294,0.0060202035096525485,79.37989044189453,0.005226846704470675,1,1,0.9991673860297055,0.006405696834173081,0.0007349012333694894,0.9991673860297055,9.771273698793376e-05
2024-04-26,0.005226846704470675,0.009206819337988613,0.006346300681673967,-0.44473679389726795,79.79588317871094,0.008351485667992592,1,1,0.9995347493646032,0.0038386176483086176,0.00040349436027671114,0.9995347493646032,6.175627512963412e-05
2024-04-29,0.008351485667992592,0.008795938738881723,0.006068703818392637,0.21657178893390158,80.465087890625,-0.008578014683632423,1,1,0.998607206197311,0.010130055401874786,0.0011902627736475454,0.998607206197311,0.00020253102912463298
2024-04-30,-0.008578014683632423,0.008886938611377189,0.007141293063875552,0.04549925125290784,79.7778091430664,0.007343789287444012,1,1,0.9987674443841883,0.008963219340095717,0.001127626537411629,0.9987674443841883,0.0001049290783734328
2024-05-01,0.007343789287444012,0.009129628692810745,0.010953040282790719,0.37408325398100445,80.36583709716797,0.004281710835706346,1,1,0.9993952812418829,0.004957527127987404,0.0004333931643063847,0.9993952812418829,0.00017132559380143714
2024-05-02,0.004281710835706346,0.009004440448052898,0.011018701709382354,-0.012716340754970001,80.71067810058594,0.010068614507231795,1,1,0.9992738285506142,0.0056904948841589075,0.0006335528658827441,0.9992738285506142,9.261858353390547e-05
2024-05-03,0.010068614507231795,0.008906559854932355,0.009461332793455863,-0.1629281047338245,81.52742767333984,0.003888009663369183,1,1,0.9993485737703538,0.005205211138417941,0.0005461121360329342,0.9993485737703538,0.00010531409370963928
2024-05-06,0.003888009663369183,0.008964710667382355,0.0064308882953129694,-0.740797103310657,81.84502410888672,0.0060795889979798024,1,1,0.9986644607217734,0.009515758989270508,0.001263529233919192,0.9986644607217734,7.201004425264271e-05
2024-05-07,0.0060795889979798024,0.00880978105845148,0.0069428837144539825,0.24602519863467956,82.34412384033203,-0.006079588997979733,1,1,0.9979929590100572,0.01367881858229814,0.001847593236771635,0.9979929590100572,0.0001594477532701973
2024-05-08,-0.006079588997979733,0.007376215843209964,0.003326260275446598,0.020938404233893433,81.84502410888672,0.004866865704606705,1,1,0.9358172832194783,0.21899018146799554,0.06381580527628314,0.9358172832194783,0.0003669115041646879
2024-05-09,0.004866865704606705,0.007360204606045506,0.010482146938455965,0.23948766395484278,82.24432373046875,-0.0056432965640552625,1,1,0.6799016633764908,0.572427886374551,0.31986307463644487,0.6799016633764908,0.00023526198713658613
2024-05-10,-0.0056432965640552625,0.00740021572984886,0.00466043226969639,-0.5918817205124786,81.78150177001953,0.002548696669887257,0,0,0.8301971906785489,0.4150119264768808,0.8301971906785489,0.1697640445808822,3.8764740625142985e-05
2024-05-13,0.002548696669887257,0.00642091643582432,0.0033204544197499683,0.055202126790235846,81.99020385742188,0.005629064710047531,0,0,0.995101868676023,0.028258321406894656,0.995101868676023,0.004882377975001775,1.5753349032002383e-05
2024-05-14,0.005629064710047531,0.006235738569804002,0.005502971567700338,0.10597610936471157,82.45303344726562,0.013554991746072593,0,0,0.9998222749609331,0.0015890529490501853,0.9998222749609331,0.00016948944365094963,8.235595372770385e-06
2024-05-15,0.013554991746072593,0.006457653509048716,0.006840444009231462,0.9282885068428361,83.57829284667969,-0.0009774945529978406,0,0,0.9994298187198292,0.004740276180619537,0.9994298187198292,0.0002168098021776251,0.00035337147790850623
2024-05-16,-0.0009774945529978406,0.006294606586217931,0.005216777702367692,-0.541568883731868,83.49663543701172,-0.0067614329292004696,0,0,0.9999260217701614,0.0007201976467838349,0.9999260217701614,7.06478159003044e-05,3.3304139350489625e-06
2024-05-17,-0.0067614329292004696,0.006570648574632605,0.005033446951956949,-0.42598694580833896,82.9339828491211,-0.002958839076673379,0,0,0.9998593968841955,0.0012852197766261761,0.9998593968841955,0.00013476928177523972,5.833834059837311e-06
2024-05-20,-0.002958839076673379,0.006608377718883771,0.0034020802156457786,-0.32295384347236183,82.68895721435547,0.0051449751635213375,0,0,0.9998447991440631,0.0014050923088865838,0.9998447991440631,0.00014862314239308828,6.57771357401072e-06
2024-05-21,0.0051449751635213375,0.006656790260221091,0.0037121558192482326,-0.15597497472219554,83.11548614501953,0.001200203306186001,0,0,0.9997837009997754,0.0018961222016771462,0.9997837009997754,0.0002059643735983532,1.0334626620950174e-05
2024-05-22,0.001200203306186001,0.006337309932073258,0.005670628793585362,0.9094250844409638,83.21530151367188,-0.0064548889803196455,0,0,0.9998794256369727,0.001176132078527823,0.9998794256369727,6.0597955494876196e-05,5.997640759073473e-05
2024-05-23,-0.0064548889803196455,0.006294674651185802,0.010756265507282143,0.29806367793953253,82.67988586425781,0.002958979223061495,0,0,0.9997058377507413,0.002543828024025566,0.9997058377507413,0.0002585197825734721,3.564246673947003e-05
2024-05-24,0.002958979223061495,0.006254478130079537,0.006237685620010222,-0.9845330417270637,82.92489624023438,-0.014439298078693255,0,0,0.9999174874341146,0.0008035234796252107,0.9999174874341146,7.53184905863913e-05,7.194075405915251e-06
2024-05-28,-0.014439298078693255,0.007047536374008777,0.014766313262584752,0.8750151025812573,81.73612213134766,-0.012175299871878861,0,0,0.97807976356616,0.10958695677207708,0.97807976356616,0.01251541790832215,0.009404818525536797
2024-05-29,-0.012175299871878861,0.007338915996445442,0.008091719414922007,-0.010172569551321944,80.74699401855469,0.009618763867066605,0,0,0.9944707511201601,0.03162859703439435,0.9944707511201601,0.005430777541463172,9.847133831155999e-05
2024-05-30,0.009618763867066605,0.007465420502194835,0.005899363322584469,-0.43186055889899594,81.52742767333984,0.00676643005185136,0,0,0.997099962411084,0.01822569860964192,0.997099962411084,0.0028666746696614617,3.336291935945053e-05
2024-05-31,0.00676643005185136,0.007548073109951599,0.0045329317406609705,0.3350391869270521,82.08094787597656,0.016045307305596286,0,0,0.997900622879489,0.014061660576630183,0.997900622879489,0.001997991943455315,0.00010138517714364302
2024-06-03,0.016045307305596286,0.008035191683522892,0.0115720259416078,0.023051741638960465,83.40858459472656,0.01161349519529339,0,0,0.9213282183892666,0.2639431803857008,0.9213282183892666,0.07512502540804325,0.0035467562026947536
2024-06-04,0.01161349519529339,0.008353603454766672,0.008740748937013817,0.007292592682117046,84.38289642333984,0.0073110279569208216,0,0,0.7361063295016826,0.5286082733281602,0.7361063295016826,0.26339185555678124,0.0005018149415353842
2024-06-05,0.0073110279569208216,0.008393370051544006,0.010283868239577866,0.013352909180886427,85.00208282470703,-0.0015008484104750185,0,1,0.5202005587658287,0.6318535857387862,0.47958980540978446,0.5202005587658287,0.00020963582434351905
2024-06-06,-0.0015008484104750185,0.00823414396463987,0.006115220474443411,-0.6339896596331867,84.87460327148438,-0.018516150282853982,0,0,0.5795917048603056,0.6198847572768562,0.5795917048603056,0.42034848787705137,5.9807262655562696e-05
2024-06-07,-0.018516150282853982,0.00936127456088419,0.004699456887166853,0.43141285319054096,83.31751251220703,-0.006688992452748521,1,1,0.9967231615660384,0.021833518456112776,0.0009453524811316389,0.9967231615660384,0.0023314859528809
2024-06-10,-0.006688992452748521,0.009401099031972714,0.004510903679921829,-0.5375604682288543,82.7620620727539,0.010289358763850308,1,1,0.9997520243695148,0.002245661786900096,0.00016138160878870987,0.9997520243695148,8.65940215942677e-05
2024-06-11,0.010289358763850308,0.009641974841726379,0.010345252735424103,0.38747542366701304,83.61802673339844,0.00748561124393953,1,1,0.9997648712115424,0.002100774949995142,4.064107412238622e-05,0.9997648712115424,0.0001944877143287173
2024-06-12,0.00748561124393953,0.009697834038567324,0.01167317196542115,0.33867701245650056,84.24630737304688,0.014592352536991942,1,1,0.9998163421604617,0.0016879033219860935,3.5947618415867546e-05,0.9998163421604617,0.00014771022110927125
2024-06-13,0.014592352536991942,0.009770591982791732,0.011077981955197078,-0.2514420036243911,85.48467254638672,0.008380224541000113,1,1,0.9998336770261302,0.0014880056580269718,4.633643309622528e-06,0.9998336770261302,0.0001616893304841437
2024-06-14,0.008380224541000113,0.009887830110161219,0.006337789011576488,-0.13977992173530704,86.20406341552734,-0.009979053431517428,1,1,0.9999000384363617,0.0009645662620926192,1.3198761866180652e-05,0.9999000384363617,8.676280168696241e-05
2024-06-17,-0.009979053431517428,0.010055710924016237,0.005654526408994128,0.07571710666869622,85.34810638427734,0.009133306777305996,1,1,0.9998551593651758,0.0013157421017605088,4.568647628508283e-06,0.9998551593651758,0.00014027198710044332
2024-06-18,0.009133306777305996,0.010140809316587082,0.009197538332486429,-0.1438634212493193,86.13118743896484,-0.006682605149425119,1,1,0.9999204038553564,0.0007718336785400324,4.423109854599326e-06,0.9999204038553564,7.517303467772989e-05
2024-06-20,-0.006682605149425119,0.010293880401218267,0.007024304688594274,0.11795414560238049,85.55752563476562,0.0,1,1,0.9999020694037638,0.0009245398691502536,3.1025812607678374e-06,0.9999020694037638,9.48280150516138e-05
2024-06-21,0.0,0.010298897559366003,0.009472190588708155,-0.2915832613917721,85.55752563476562,0.004036092922372822,1,1,0.9999475794422642,0.0005327734847734749,4.8768690234172415e-06,0.9999475794422642,4.754368880972822e-05
2024-06-24,0.004036092922372822,0.010144429045257823,0.006359958632732373,0.9241916740587588,85.9035415649414,0.001694634780665297,1,1,0.9978277008914962,0.014145544108537533,7.510174345739691e-06,0.9978277008914962,0.002164788934148563
2024-06-25,0.001694634780665297,0.010141503123706304,0.005396848002438673,-0.9112734042470428,86.04924011230469,-0.014388421348834448,1,1,0.9999106626321039,0.0008677291150482715,9.878523182187774e-06,0.9999106626321039,7.945884468317357e-05
2024-06-26,-0.014388421348834448,0.010137207839176224,0.0038647407885607737,0.5196662129592367,84.81999206542969,0.003963790794911468,1,1,0.998369308710942,0.011014160376929432,4.2463336054144064e-07,0.998369308710942,0.001630266655784014
2024-06-27,0.003963790794911468,0.009589400314084062,0.0031009508761443085,-0.5087777909881405,85.15686798095703,-0.018780973580525058,1,1,0.9998578354823444,0.0013501887411961591,3.7292745501567076e-05,0.9998578354823444,0.00010487177214266993
2024-06-28,-0.018780973580525058,0.010558274764407707,0.02168226073476939,0.8679080764476919,83.57246398925781,-0.017409369993669047,1,1,0.9862737663021508,0.06598853639544464,2.353986331706675e-10,0.9862737663021508,0.013726233462459646
2024-07-01,-0.017409369993669047,0.011253160551688794,0.01401403720286417,-0.10278841658706957,82.13011169433594,0.007755572405352273,1,1,0.9995542297593257,0.0035363945748370655,1.7190221320260911e-09,0.9995542297593257,0.00044576852164708217
2024-07-02,0.007755572405352273,0.010774717572865978,0.008056458697956282,-0.37435389167102007,82.7695541381836,0.013047427085327338,1,1,0.9999338273870626,0.0006412638542544654,2.3051046334726726e-07,0.9999338273870626,6.594210246740746e-05
2024-07-03,0.013047427085327338,0.010863164075676633,0.008714629903734996,0.03895114571292149,83.85655975341797,0.008244868888023631,1,1,0.9998509086709058,0.0013318957158504235,5.888218456869756e-08,0.9998509086709058,0.0001490324469789222
2024-07-05,0.008244868888023631,0.010899603510105287,0.008967176457943043,-0.018956326173007267,84.5508041381836,0.002158512888023933,1,1,0.999913460540394,0.0008165008203247333,1.2055309205501121e-07,0.999913460540394,8.641890649177036e-05
2024-07-08,0.002158512888023933,0.010908496939765613,0.006791690803248726,-0.7738057254941854,84.73350524902344,-0.004429854978833309,1,1,0.9999366128710996,0.0006167039387804679,2.1155287068064968e-07,0.9999366128710996,6.317557598520997e-05
2024-07-09,-0.004429854978833309,0.01007892305195494,0.008770953675984287,0.6322588666054646,84.35897827148438,0.0031354146155374556,1,1,0.9997316605057189,0.002302709188863444,1.3959784094452167e-05,0.9997316605057189,0.00025437971019998145
2024-07-10,0.0031354146155374556,0.009942378756051428,0.00453365902107539,-0.25073024382043096,84.62389373779297,0.009668285996613814,1,1,0.9999038074078952,0.0009294841456674091,1.1522428270501554e-05,0.9999038074078952,8.467016386974988e-05
2024-07-11,0.009668285996613814,0.009913133948022942,0.007162691494415999,0.7471668430524192,85.44602966308594,0.004266758294226521,1,1,0.9989899467543567,0.007331954963624463,1.5072069543036512e-05,0.9989899467543567,0.0009949811761419114
2024-07-12,0.004266758294226521,0.009829461893419909,0.006387120373877531,-0.5823375079200782,85.81138610839844,-0.011563406964983081,1,1,0.999909537130602,0.0009027601450490472,3.248617290210303e-05,0.999909537130602,5.7976696590558905e-05
2024-07-15,-0.011563406964983081,0.009653094278808791,0.005599873670504326,0.31053955503721337,84.8248291015625,0.014009053492763062,1,1,0.9996975355819838,0.002571510249443548,1.924712658768406e-05,0.9996975355819838,0.00028321729136927235
2024-07-16,0.014009053492763062,0.009998066257807645,0.00870765329476912,-0.041328796375703185,86.0215072631836,0.00021248275985439474,1,1,0.9998606855062392,0.0012668202495923575,3.269210714981041e-06,0.9998606855062392,0.00013604528294509447
2024-07-17,0.00021248275985439474,0.00972434841976191,0.0075379452815530715,-0.22555688110409336,86.03978729248047,-0.0076736779337193695,1,1,0.9998829605826964,0.0011438183114875914,6.654146639286775e-05,0.9998829605826964,5.0497950826197265e-05
2024-07-18,-0.0076736779337193695,0.009656212262760708,0.008130973855835858,0.17393328017735502,85.38207244873047,-0.005901737131887707,1,1,0.9998473932455161,0.001452561097234798,5.973432542346099e-05,0.9998473932455161,9.287242913750396e-05
2024-07-19,-0.005901737131887707,0.009631175237014242,0.003659104326142664,-0.07162769331347027,84.87965393066406,-0.0029097568518091092,1,1,0.9998202817305372,0.0016454736049346652,2.821984041725511e-05,0.9998202817305372,0.00015149842898235202
2024-07-22,-0.0029097568518091092,0.00964681557329749,0.01316776655387146,0.1170950194983577,84.6330337524414,-0.0014043003190733953,1,1,0.9998589835704664,0.0013385435999199783,3.51581234229072e-05,0.9998589835704664,0.0001058583061734626
2024-07-23,-0.0014043003190733953,0.009587413553433127,0.005836585982710652,-0.4310492862643147,84.51426696777344,-0.010867275800296838,1,1,0.9998395630966372,0.0015153886761355385,0.00010630714539788606,0.9998395630966372,5.4129757878705136e-05
2024-07-24,-0.010867275800296838,0.009822920232399645,0.01507864187102238,0.7701361984690492,83.60079956054688,0.008161553700454327,1,1,0.9994613764814532,0.004207481526063826,5.343228411386007e-06,0.9994613764814532,0.0005332802901340416
2024-07-25,0.008161553700454327,0.0095492045009221,0.009753999768315116,-0.12040902004411302,84.28590393066406,0.007772820549313033,1,1,0.9998564321272218,0.0013767725536654371,6.36598741319987e-05,0.9998564321272218,7.990799872858163e-05
2024-07-26,0.007772820549313033,0.009676190300819057,0.004731717942943221,-0.2678943039509659,84.94359588623047,0.005362412400035562,1,1,0.9998784349024754,0.0011653563520308524,2.5772191322228185e-05,0.9998784349024754,9.579290620306218e-05
2024-07-29,0.005362412400035562,0.008681147335707894,0.00502728881637136,-0.2883233073642926,85.40032196044922,0.0038435576990214133,1,1,0.9978556808348547,0.014281590030085207,0.0020550342057397723,0.9978556808348547,8.92849595020458e-05
2024-07-30,0.0038435576990214133,0.007521912250821929,0.007991475889121198,0.08782560385651052,85.72919464111328,0.010177022532373814,1,1,0.9128238836465038,0.2705141247744212,0.08700542856216444,0.9128238836465038,0.0001706877913099731
2024-07-31,0.010177022532373814,0.0076356109606520225,0.006328430435306165,0.5213269864051324,86.60611724853516,0.008587853937673086,1,1,0.7439999656285903,0.52217194166699,0.25529955747522814,0.7439999656285903,0.0007004768962373411
2024-08-01,0.008587853937673086,0.007364482437515353,0.008288751817894659,0.48752381471525513,87.35308074951172,0.03068584237609309,0,0,0.7305603404691556,0.5320071736253302,0.7305603404691556,0.26922181165590103,0.00021784787496663857
2024-08-02,0.03068584237609309,0.009698797887944656,0.01505904940289211,0.17374010624609823,90.07513427734376,0.0052771123789589446,1,1,0.9677672183043947,0.12964388743242142,7.267212194342605e-07,0.9677672183043947,0.03223205497440705
2024-08-05,0.0052771123789589446,0.009706837741653332,0.020647781908049594,-0.013435091174813833,90.55172729492188,-0.022622541422825698,1,1,0.9830818486481334,0.078089731705648,5.460048647525924e-08,0.9830818486481334,0.016918096751392733
2024-08-06,-0.022622541422825698,0.011207742334115629,0.01884260682495535,-0.39135080004591094,88.52621459960938,-0.007064872697864784,1,1,0.9856289064496471,0.06848386909862944,1.6825429994012973e-11,0.9856289064496471,0.014371093533604792
2024-08-07,-0.007064872697864784,0.011403413140578583,0.00990508718557699,-0.17764181058036715,87.90299224853516,-0.006170563788559152,1,1,0.9998848225589284,0.0010557357583619194,1.2328081709515776e-08,0.9998848225589284,0.0001151651130032191
2024-08-08,-0.006170563788559152,0.011385564014129379,0.005875001990990239,-0.3056866829666733,87.36225128173828,0.009813061133915118,1,1,0.9999129426604034,0.0008201498738328526,7.641991911487602e-09,0.9999129426604034,8.70496977061172e-05
2024-08-09,0.009813061133915118,0.01153311566460377,0.004674886428943319,-0.16256964099092353,88.22376251220703,0.0036295361898554482,1,1,0.9997648565189279,0.0020023663448716306,7.833661209409917e-10,0.9997648565189279,0.00023514269762940718
2024-08-12,0.0036295361898554482,0.01112853224807828,0.009729866840571626,-0.2812707537069315,88.5445556640625,0.006911267772237394,1,1,0.9999423535811902,0.0005650696707343184,5.6878526319649817e-08,0.9999423535811902,5.758954031234761e-05
2024-08-13,0.006911267772237394,0.01083973068515292,0.00390622181523752,0.224466589419733,89.15863037109375,0.0062508952484412105,1,1,0.9995180779391868,0.00378938463167778,4.568648486744451e-08,0.9995180779391868,0.00048187637435604747
2024-08-14,0.0062508952484412105,0.010877478943536335,0.006640121870790692,0.03135376195549382,89.71769714355469,-0.008103082696799851,1,1,0.9998851578612893,0.0010537506444698328,1.261261403948058e-07,0.9998851578612893,0.00011471601253327135
2024-08-15,-0.008103082696799851,0.010898175181354332,0.009165802303134313,0.21174485430659337,88.99364471435547,0.003495255075816684,1,1,0.9999033471549634,0.0009023141861197,1.5450340382487821e-07,0.9999033471549634,9.649834173787216e-05
2024-08-16,0.003495255075816684,0.010737721852759166,0.005439231999358435,-0.3051101657170037,89.30524444580078,0.004607827620983117,1,1,0.9999250966414512,0.0007174763633736705,2.716071853493076e-07,0.9999250966414512,7.463175130118694e-05
2024-08-19,0.004607827620983117,0.01066821571733944,0.007661661095886269,-0.11966411775184863,89.71769714355469,0.007936463549591054,1,1,0.9999348313082387,0.0006340310545716591,5.675641761094083e-07,0.9999348313082387,6.460112758668919e-05
2024-08-20,0.007936463549591054,0.010673532022063436,0.007499725119103312,-0.0032752286929212918,90.4325714111328,0.0006079221345209745,1,1,0.9999048205662552,0.0008910335235155794,3.637428067885879e-07,0.9999048205662552,9.481569098377319e-05
2024-08-21,0.0006079221345209745,0.010163351113712261,0.010027325332811508,0.14679327559067287,90.48756408691406,-0.009975574869597636,1,1,0.9999223290539934,0.0007657226109422642,9.351908299799019e-06,0.9999223290539934,6.83190377062929e-05
2024-08-22,-0.009975574869597636,0.010569584203082722,0.008900283852501453,0.13496980339044912,89.58938598632812,0.00652572958625654,1,1,0.9999087014509562,0.0008595886782857131,6.492557054001045e-07,0.9999087014509562,9.064929336305442e-05
2024-08-23,0.00652572958625654,0.010543910103505387,0.007216171245828558,-0.0442701174127232,90.17593383789062,-0.0025438562688224345,1,1,0.999917016124078,0.0007895184059856584,8.208724863972649e-07,0.999917016124078,8.216300347941286e-05
2024-08-26,-0.0025438562688224345,0.010598303906094573,0.006317455889987747,-0.32179902248136516,89.94683074951172,-0.001733889692149491,1,1,0.9999428815946461,0.000564106303490559,8.807670258995718e-07,0.9999428815946461,5.6237638457842574e-05
2024-08-27,-0.001733889692149491,0.01063698733322329,0.006838809437553764,-0.07568523206766971,89.79100799560547,-0.0012257397323951677,1,1,0.9999324803906287,0.0006553549302825052,7.379258820197855e-07,0.9999324803906287,6.678168356233287e-05
2024-08-28,-0.0012257397323951677,0.01049806745139406,0.004803204891545396,-0.1505646056551503,89.68101501464844,-0.0032755483913487113,1,1,0.9999058647567255,0.0008844830276132155,8.540136388808011e-07,0.9999058647567255,9.32812298546441e-05
2024-08-29,-0.0032755483913487113,0.010425953836360646,0.00522918222714818,0.3005573085444417,89.38774108886719,-0.010720502139487756,1,1,0.9997616929901784,0.0020328928901859286,1.1230509848365388e-06,0.9997616929901784,0.00023718395865974541
2024-08-30,-0.010720502139487756,0.008105335625907342,0.015752893322812756,0.5403795304809856,88.43457794189453,0.016222726229492716,1,1,0.9982627264188856,0.012624180849253167,0.0005601211126662459,0.9982627264188856,0.0011771524683650656
2024-09-03,0.016222726229492716,0.008878390969894052,0.00654730833399936,0.13197322321482055,89.88092803955078,0.012807760664921543,1,1,0.9994641007767217,0.004473989718342243,0.00018180651750327847,0.9994641007767217,0.0003540927056619122
2024-09-04,0.012807760664921543,0.007655506759715685,0.0123219997412431,-0.1799883277653696,91.0395050048828,0.0056399381520853865,1,1,0.9962606636907343,0.023900439460573693,0.0031516322626954974,0.9962606636907343,0.000587704046777736
2024-09-05,0.0056399381520853865,0.007440245728657868,0.009038882481042024,0.1489273528385216,91.55441284179688,-0.0001005032078118563,1,1,0.9143244880851396,0.2676009724593298,0.08544860198952195,0.9143244880851396,0.00022690992543765768
2024-09-06,-0.0001005032078118563,0.0072080909064512035,0.015970232793094265,0.19046030315779666,91.5452117919922,0.004309638359834073,1,1,0.9645027833183538,0.1466818304135996,0.03346472820691882,0.9645027833183538,0.0020324884746236527
2024-09-09,0.004309638359834073,0.007010055493306787,0.00940088840978281,-0.7557495818886553,91.94058990478516,0.006976614214461926,1,1,0.6836853431905359,0.5706501993281649,0.3159453391014589,0.6836853431905359,0.0003693177078168621
2024-09-10,0.006976614214461926,0.0070889239341676655,0.010825344531294991,0.16201771717304111,92.58426666259766,-0.0007948635845046435,0,0,0.7493041005460838,0.5137108409826185,0.7493041005460838,0.2505448875340209,0.00015101191990641533
2024-09-11,-0.0007948635845046435,0.007030312556835159,0.008846033040942582,0.21980332083806683,92.51070404052734,-0.004682398531416415,0,0,0.9834913361039519,0.07668715187506812,0.9834913361039519,0.01649246468939999,1.6199206555010738e-05
2024-09-12,-0.004682398531416415,0.00709449992479317,0.008587982979760848,0.05232233400414062,92.07854461669922,0.00269247100757678,0,0,0.9985206502107541,0.010183352154933281,0.9985206502107541,0.0014673690960597863,1.1980693052066876e-05
2024-09-13,0.00269247100757678,0.006743529551397162,0.005875948070578545,-0.481199040935575,92.32679748535156,0.00912081097226252,0,0,0.9998072304375538,0.0016960370287077016,0.9998072304375538,0.00018820866609206276,4.560896509260185e-06
2024-09-16,0.00912081097226252,0.006930989886062764,0.009473986648823478,0.1823144293048815,93.17274475097656,-0.004847495417107218,0,0,0.9993774246062479,0.004874730916281776,0.9993774246062479,0.0005866199107947892,3.595548287255925e-05
2024-09-17,-0.004847495417107218,0.007073358621706232,0.008925045205904524,0.02663277939552208,92.72218322753906,-0.012473547640490527,0,0,0.9995617859252223,0.0035355348059408188,0.9995617859252223,0.00042552699621449064,1.2687078574353139e-05
2024-09-18,-0.012473547640490527,0.007572870976187579,0.011949015816496163,0.4334182916462918,91.57279205322266,-0.003318775163894355,0,0,0.9926896829165217,0.041039396414687526,0.9926896829165217,0.006801256614636089,0.0005090604686309864
2024-09-19,-0.003318775163894355,0.007624106173713774,0.0054402670149676985,-0.2013417183471146,91.2693862915039,-0.003835611388794907,0,0,0.9979127049402294,0.013713029024245817,0.9979127049402294,0.002070517203435891,1.6777856476201564e-05
2024-09-20,-0.003835611388794907,0.007299767696187797,0.005360020166045814,-0.07563105387101063,90.91998291015624,-0.0021261038270860904,0,0,0.9993540891158912,0.004959952630779301,0.9993540891158912,0.0006340297487050478,1.1881135285392796e-05
2024-09-23,-0.0021261038270860904,0.007194271776234711,0.01084422534387948,-0.037483346171065975,90.72688293457033,-0.00020276608839874585,0,0,0.9990962121834154,0.006703165057217994,0.9990962121834154,0.0008753853322284336,2.840248431263933e-05
2024-09-24,-0.00020276608839874585,0.007164471069551198,0.010542330455560306,-0.14109854365281543,90.70848846435548,-0.008346973163022294,0,0,0.9991757226718516,0.006175345548105352,0.9991757226718516,0.0008006600310951186,2.3617297163019358e-05
2024-09-25,-0.008346973163022294,0.007417328595295518,0.00541754849613664,0.16965570279994377,89.95449829101562,0.002348113537191073,0,0,0.998826787738488,0.008443320149202559,0.998826787738488,0.0011295404883747955,4.367177292814283e-05
2024-09-26,0.002348113537191073,0.007426981229240069,0.008464224471948641,-0.09729018882407091,90.1659698486328,0.005187299703882682,0,0,0.9991895551604913,0.006050735623569485,0.9991895551604913,0.0007969593671383648,1.3485472299714758e-05
2024-09-27,0.005187299703882682,0.0074553930445635415,0.0055798219890499465,-0.1630433773677897,90.63490295410156,-0.0047794539162163575,0,0,0.9991009302227274,0.006632898669991836,0.9991009302227274,0.000882621613802192,1.6448163511042667e-05
2024-09-30,-0.0047794539162163575,0.007085909730348151,0.00846077312910109,0.1880254936092131,90.20275115966795,0.007194274118247628,0,0,0.9995909002011002,0.003330325453025251,0.9995909002011002,0.00039595940983542876,1.3140389132539594e-05
2024-10-01,0.007194274118247628,0.0063094366374121125,0.009544141149301666,0.2807864704373036,90.85403442382812,-0.008462855664603062,0,0,0.9997830607441782,0.0019291126900259808,0.9997830607441782,0.0001944035954519684,2.253566027251951e-05
2024-10-02,-0.008462855664603062,0.005912676709268811,0.006860595670853756,-0.23404595962893876,90.08839416503906,-0.009465419817875643,0,0,0.9998974368608156,0.000979432162396315,0.9998974368608156,9.3166038065256e-05,9.39710093604661e-06
2024-10-03,-0.009465419817875643,0.006046956256054098,0.007959523356050675,0.10254231344197458,89.23969268798828,-0.01237705463418967,0,0,0.9998396184791626,0.0014725053724344243,0.9998396184791626,0.0001425656351088271,1.7815885675619366e-05
2024-10-04,-0.01237705463418967,0.006525078661135261,0.005860780122533423,0.36145384294688165,88.14197540283203,-0.007564190823074051,0,0,0.9995591843458872,0.0036709100548107327,0.9995591843458872,0.0003748544185292803,6.596123547121063e-05
2024-10-07,-0.007564190823074051,0.006470857986817071,0.005377986892212752,-0.29023650942567414,87.47776794433594,0.001685844199998587,0,0,0.9998519685665597,0.0013480903236099374,0.9998519685665597,0.00014120985004172022,6.821583501410435e-06
2024-10-08,0.001685844199998587,0.006164463508839933,0.007263948383237372,-0.23422650759203184,87.6253662109375,-0.005700998358512001,0,0,0.9999164613689537,0.0008061979114878172,0.9999164613689537,7.89696564266109e-05,4.568974777591897e-06
2024-10-09,-0.005700998358512001,0.006180061448760929,0.007199579959207576,0.060380290817923135,87.12723541259766,-0.0039247874556191135,0,0,0.9999026168992989,0.0009309066999561723,0.9999026168992989,9.013025040654674e-05,7.252850329762441e-06
2024-10-10,-0.0039247874556191135,0.006171507863731205,0.007227813164824925,0.4046427867409337,86.78594970703125,-0.00404740253764635,0,0,0.999918068851052,0.0008046991754724209,0.999918068851052,7.152790253959671e-05,1.0403246201612342e-05
2024-10-11,-0.00404740253764635,0.006028988183213701,0.00693704959497425,-0.6720291780576834,86.4354019165039,0.0007468130428443213,0,0,0.9999309468762839,0.0006831319020159109,0.9999309468762839,6.327084700724061e-05,5.782276670590869e-06
2024-10-14,0.0007468130428443213,0.005376713476139043,0.008531464764880472,0.049435616618210054,86.4999771118164,0.012084069892864074,0,0,0.9999279759449343,0.000721414138572662,0.9999279759449343,5.933493349929976e-05,1.2689121737075175e-05
2024-10-15,0.012084069892864074,0.006420710142722966,0.00663783825844974,0.4777142384452111,87.55158996582031,0.004205751813998456,0,0,0.9997028611304696,0.002605312746504474,0.9997028611304696,0.00023529569137758705,6.18431781242252e-05
2024-10-16,0.004205751813998456,0.006186483108197384,0.0050362330209747005,-0.3634321071013923,87.92058563232422,-0.015970055590209784,0,0,0.999913961907014,0.0008271587299333247,0.999913961907014,8.165647126365991e-05,4.381621544267584e-06
2024-10-17,-0.015970055590209784,0.006927115127991119,0.008209000505426734,0.29659166218130223,86.52764129638672,0.0007459291219652286,0,0,0.9980626706239023,0.013382058873978477,0.9980626706239023,0.0017273164762947322,0.0002100128999227725
2024-10-18,0.0007459291219652286,0.006962122085867602,0.0044742532934527405,-0.5419192811131296,86.59220886230469,-0.017625275621383378,0,0,0.9997246596503002,0.0023292814620263272,0.9997246596503002,0.00026994183766501856,5.398512252576519e-06
2024-10-21,-0.017625275621383378,0.007744203716766006,0.00932443835688508,0.6729009227703913,85.0793685913086,0.0009753550215531145,0,0,0.981020118751753,0.09290182457997694,0.981020118751753,0.016133980326882732,0.002845900921451082
2024-10-22,0.0009753550215531145,0.007772737852129211,0.007257428515539963,-0.4333081622984213,85.16239166259766,-0.0027114223940363094,0,0,0.99501939285579,0.028680510615808244,0.99501939285579,0.0049602302796055014,2.0376864385988353e-05
2024-10-23,-0.0027114223940363094,0.007676144736992506,0.007711513922298662,0.03842424919995981,84.93179321289062,0.006387287442307344,0,0,0.9981045028670399,0.012633238271633079,0.9981045028670399,0.0018770445093483949,1.8452623594730028e-05
2024-10-24,0.006387287442307344,0.0078713874985034,0.011223838489363475,-0.02571594573829001,85.47601318359375,-0.00562752733764902,0,0,0.9927546600099021,0.03969612173203623,0.9927546600099021,0.007105388691726628,0.00013995129823086703
2024-10-25,-0.00562752733764902,0.007672096560333902,0.011070157143668604,-0.1257176319752067,84.99634552001953,-0.0027168165494472958,0,0,0.9937981148324094,0.034680351150559764,0.9937981148324094,0.00612951059847743,7.237456902364028e-05
2024-10-28,-0.0027168165494472958,0.007663769810608446,0.009467871937759794,0.14548865209216297,84.76573944091797,0.001522276192668594,0,0,0.997437384930784,0.016385028889793016,0.997437384930784,0.002535338709051159,2.7276360383129644e-05
2024-10-29,0.001522276192668594,0.007361432937656705,0.011735240856084055,0.3391851076338027,84.8948745727539,0.002929469590143938,0,0,0.9982646724586848,0.011855533135848794,0.9982646724586848,0.001675545369072538,5.978217235797299e-05
2024-10-30,0.002929469590143938,0.007389116807791554,0.012242656728671133,-0.10391922921425993,85.14393615722656,0.0016239515327084106,0,0,0.9966345461279429,0.0209597161118858,0.9966345461279429,0.0032498613195860323,0.00011559255252256351
2024-10-31,0.0016239515327084106,0.0072796532965940745,0.011573820769547735,0.21807579891600445,85.28231811523438,-0.014198938542154552,0,0,0.9982924981780671,0.011660681178787675,0.9982924981780671,0.0016582747123004818,4.922710949662769e-05
2024-11-01,-0.014198938542154552,0.007422803618954567,0.018934320350596213,0.4324585983194901,84.0799560546875,0.015402887920011939,2,2,0.4892903914625693,0.931943607142652,0.17918537822448516,0.331524230313103,0.4892903914625693
2024-11-04,0.015402887920011939,0.008299905218712364,0.010189728362127524,-0.4800768302624908,85.38505554199219,0.005297432155315704,1,1,0.9545839569005958,0.19596388962742387,0.027412719978504443,0.9545839569005958,0.018003323120700385
2024-11-05,0.005297432155315704,0.008404865743152747,0.014017717076804907,-0.05711253623807157,85.83857727050781,-0.027770379390932746,1,1,0.9964054135533928,0.023230083079309117,0.002943086168589012,0.9964054135533928,0.0006515002778353527
2024-11-06,-0.027770379390932746,0.010288127969099352,0.012971155305212161,0.7442160744257343,83.48760223388672,0.01245003961055972,1,1,0.9969249294841491,0.01898574056817164,7.774657534850352e-09,0.9969249294841491,0.003075062741293322
2024-11-07,0.01245003961055972,0.01077798046777821,0.010620838730491656,-0.5647682920842116,84.53352355957031,0.012620947466598342,1,1,0.9998492369367628,0.001345398724686736,7.361843387351284e-08,0.9998492369367628,0.0001506894447408359
2024-11-08,0.012620947466598342,0.011192054434929571,0.008217127838513869,0.009467434156988516,85.607177734375,-0.004876986823396605,1,1,0.9998416061890202,0.0014058648455087456,9.905049286786523e-09,0.9998416061890202,0.00015838390593742868
2024-11-11,-0.004876986823396605,0.011230153891093633,0.0073880953760511675,-0.9310798888143036,85.19068908691406,-0.015107299763586582,1,1,0.9999115805533106,0.000832032930754674,4.8195688150631446e-08,0.9999115805533106,8.837125114371932e-05
2024-11-12,-0.015107299763586582,0.011238972875227547,0.01478045757514845,0.951177439095339,83.91336059570312,-0.009531224299111964,1,1,0.9989467413758915,0.00753109815943053,3.905817130470369e-09,0.9989467413758915,0.0010532547184051494
2024-11-13,-0.009531224299111964,0.01125164786882211,0.020267256491909358,-0.16685645662282442,83.11736297607422,0.005773819042698563,1,1,0.9968906286216772,0.01916597484123119,8.34677921748683e-11,0.9968906286216772,0.003109371294906148
2024-11-14,0.005773819042698563,0.010959745414303817,0.008414549809548113,0.08446115195853897,83.5986557006836,-0.00266054285620724,1,1,0.9998933637929186,0.0009856742003683853,1.2066299748083801e-07,0.9998933637929186,0.00010651554393177712
2024-11-15,-0.00266054285620724,0.010945836886867122,0.01265541037384202,0.3238395407754271,83.37653350830078,0.0017744510558246576,1,1,0.9998966271787709,0.0009585661082998243,1.3859281319950306e-07,0.9998966271787709,0.00010323422856997192
2024-11-18,0.0017744510558246576,0.010319911025735522,0.012965405547899014,-0.7164933483272473,83.52461242675781,0.0050844522669009524,1,1,0.9998238144523073,0.0015541453748131762,1.4262721917536347e-06,0.9998238144523073,0.00017475927562665916
2024-11-19,0.0050844522669009524,0.01040026646991844,0.004961377766076037,-0.19654248334608893,83.95037078857422,-0.003202182683585358,1,1,0.9999046662171985,0.0008957886585930168,1.1408574876078455e-06,0.9999046662171985,9.419292517011196e-05
2024-11-20,-0.003202182683585358,0.010405797899676097,0.00796373400662588,-0.06384044035824149,83.68197631835938,-0.0007745265441801564,1,1,0.9999404605586565,0.0005916098338462116,2.756191563109723e-06,0.9999404605586565,5.678324990404864e-05
2024-11-21,-0.0007745265441801564,0.01026991655280662,0.009408883203204042,0.021750252918783186,83.6171875,0.0005531381242243699,1,1,0.9999373180999939,0.0006268220780869246,5.811431156665039e-06,0.9999373180999939,5.6870468965778546e-05
2024-11-22,0.0005531381242243699,0.010219353782921577,0.006084693285508325,-0.2749208682353317,83.6634521484375,0.025558476668955814,1,1,0.9999373786348968,0.0006256140844751149,5.4931660538960946e-06,0.9999373786348968,5.712819921369412e-05
2024-11-25,0.025558476668955814,0.011776070049840047,0.008519366838438576,0.9702971309529592,85.8293228149414,-0.003889839619908914,1,1,0.9547814744142077,0.16765531436662115,1.0412890577584618e-11,0.9547814744142077,0.045218525575228284
2024-11-26,-0.003889839619908914,0.011816442995946752,0.00682044889119356,-0.6026355405934913,85.49610900878906,0.006904981997307271,1,1,0.999719476482615,0.002343740849202418,1.3369861860796705e-09,0.999719476482615,0.0002805221804693751
2024-11-27,0.006904981997307271,0.011895243076421836,0.007633577767611507,0.23691491821291394,86.0885009765625,0.010268539215856645,1,1,0.9997564927311925,0.002065835017007599,3.5027552710331725e-10,0.9997564927311925,0.00024350691847684462
2024-11-29,0.010268539215856645,0.01209169202816566,0.005852882996899528,-0.21205163189739507,86.97705841064453,0.0023996958410081935,1,1,0.9997717020283879,0.0019502045916218234,3.245927332091391e-11,0.9997717020283879,0.00022829793905078377
2024-12-02,0.0023996958410081935,0.01155235842330133,0.012251001302125556,0.21113341175937203,87.18602752685547,-0.008666430737598202,1,1,0.9998953613279216,0.0009682224060077197,4.993828832949923e-09,0.9998953613279216,0.0001046336782594528
2024-12-03,-0.008666430737598202,0.011313447397113341,0.011175595774892834,-0.18443819411359966,86.43370056152344,0.010688773171666137,1,1,0.9999277763907245,0.0006927470188188627,1.3987392439155497e-08,0.9999277763907245,7.22096218595427e-05
2024-12-04,0.010688773171666137,0.011493798171104743,0.017542011149330933,0.08989435511779532,87.3625259399414,0.00201773789278601,1,1,0.999266995416173,0.005483125351737856,1.9041833613967513e-10,0.999266995416173,0.0007330043934423564
2024-12-05,0.00201773789278601,0.009307977318800755,0.007745312759035146,-0.4140764327312268,87.53897857666016,0.00148409386077948,1,1,0.9995888838159656,0.003438508691962872,0.0003564081673508574,0.9995888838159656,5.470801652598888e-05
2024-12-06,0.00148409386077948,0.00900081895381346,0.008793323831144258,0.29295704723606925,87.66899108886719,-0.009259731799421994,1,1,0.9986147630138333,0.009917621808615306,0.0012712397978321293,0.9986147630138333,0.00011399718855533365
2024-12-09,-0.009259731799421994,0.008948642357935944,0.0060949499068066815,-0.04021347629576689,86.86094665527344,-0.004715873569808184,1,1,0.9991484573175541,0.006550713602328476,0.000742208174304819,0.9991484573175541,0.00010933450800515424
2024-12-10,-0.004715873569808184,0.00894340308838113,0.004189937494374932,-0.0609178102281477,86.45228576660156,-0.009499261816849812,1,1,0.9991491686308336,0.0065821929576844115,0.0007194949752623934,0.9991491686308336,0.00013133639369877718
2024-12-11,-0.009499261816849812,0.008497348135568742,0.01279826837562903,0.299965886665407,85.63494110107422,-0.012221820151430057,1,1,0.9985179541608651,0.010748706420307381,0.001231651351927377,0.9985179541608651,0.00025039448714703753
2024-12-12,-0.012221820151430057,0.008692175780027797,0.008234518938539149,0.15772636283571548,84.59469604492188,-0.010263259612891762,1,1,0.9986172988554894,0.009993401446884702,0.001223489775528102,0.9986172988554894,0.00015921136887137542
2024-12-13,-0.010263259612891762,0.008952849111177493,0.008541282640415501,-0.13886964875798488,83.73091888427734,0.0029903001594319615,1,1,0.9991722672975459,0.006355464003761923,0.0007396648086109708,0.9991722672975459,8.806789396144882e-05
2024-12-16,0.0029903001594319615,0.008951007344486062,0.006303911815605399,-0.5196992328325036,83.98167419433594,0.0024302623022062105,1,1,0.9986051677864014,0.00984620440753402,0.0013332635874689128,0.9986051677864014,6.156862607525679e-05
2024-12-17,0.0024302623022062105,0.008957654319100597,0.005847294603549936,0.015113701687945683,84.18601989746094,-0.012583061113055374,1,1,0.998722960416992,0.009222793901017112,0.0011785853271066961,0.998722960416992,9.845425596623077e-05
2024-12-18,-0.012583061113055374,0.009334040313944992,0.013795461040972642,0.9448823833657377,83.13333892822266,-0.015257243025189857,1,1,0.9989850235296535,0.007486532317964632,5.513687613358057e-05,0.9989850235296535,0.0009598395940663403
2024-12-19,-0.015257243025189857,0.009891078635277486,0.010021606626634573,0.479717879562351,81.87458038330078,0.00567803931713339,1,1,0.9997203367604562,0.002361050526860042,5.25011902350941e-06,0.9997203367604562,0.00027441312043711025
2024-12-20,0.00567803931713339,0.010006531978882426,0.007020753750679915,-0.7773171503163527,82.34078979492188,-0.009214651842984669,1,1,0.9999189772244531,0.000802587280284037,1.4077751226823548e-05,0.9999189772244531,6.694502438581555e-05
2024-12-23,-0.009214651842984669,0.010175540945649635,0.00902858189174107,-0.32929509590121414,81.58553314208984,0.0042198831129045215,1,1,0.9999347109178657,0.0006492964323671056,5.499479036767612e-06,0.9999347109178657,5.97896030381897e-05
2024-12-24,0.0042198831129045215,0.008128665318210665,0.010356162561406552,-0.38128820574059014,81.9305419921875,-0.0005692199702593973,1,1,0.991230914480918,0.04639184037114529,0.008633184896806131,0.991230914480918,0.00013590062231864046
2024-12-26,-0.0005692199702593973,0.008128921126540968,0.008654089488402269,-0.11323859927478155,81.88391876220703,-0.008232485038720464,1,1,0.9687905485820127,0.12703106454208116,0.03111600003664586,0.9687905485820127,9.345138143585921e-05
2024-12-27,-0.008232485038720464,0.007943219259281016,0.008266374664943878,0.3106829361638442,81.21257781982422,0.0080043707961063,1,1,0.9284878368596499,0.23578778713120743,0.07128970027196233,0.9284878368596499,0.00022246286859520245
